Terms,Document_Count
تذكر,478
ذهاب,825
مشاهد,313
ألعاب,189
نار,105
عز,124
أصدقاء,1138
مر,862
أولى,350
قضة,102
قت,202
مفرد,205
مع,230
رغم,682
جود,214
كثير,2508
أشخاص,302
شعر,4508
وحيد,163
عالم,254
فضل,811
صديق,2214
اشتاق,32
أعاد,216
تحدث,609
ضرب,219
جدار,24
فارغ,71
رأى,1060
ظلام,58
أمر,2228
عجيب,2
ظن,110
عمل,3585
كنت,7204
عرق,39
مرحب,192
حالك,16
يوم,3886
حاول,948
يم,493
شخص,1660
اصطدم,90
غش,90
زوج,1332
كنى,1531
سهل,180
خور,241
فعل,2322
مقابل,525
جعل,1196
دائم,1011
سبب,601
رصاص,18
مرتاح,54
شكل,832
عام,1573
نظر,369
مجهر,2
قبيل,108
رغب,365
استعداد,198
إلقاء,44
كرة,321
منحنى,8
طالب,73
مدرس,1144
هندسة,31
علم,989
حاسوب,3
سعيد,1315
جد,3088
إنجاز,81
عائل,826
قد,8377
فقد,327
وظيف,902
ماضي,1803
غضب,130
حق,3160
مفاجأة,99
كامل,281
عيد,618
ميلاد,578
سنوات,967
حصل,2036
هدايا,82
وقت,1305
مناسب,162
ونى,2846
ملك,105
أسوأ,271
زملاء,186
بعد,14
كن,1362
مؤسف,16
لاعب,45
متحيز,4
مثير,149
فضول,14
ذهب,2113
حديقة,191
وضع,279
مقعد,37
لاحظ,125
محفظة,99
جاء,212
رجل,692
خلف,140
عاد,913
على,546
ممتن,236
لد,2425
مال,695
يتم,270
رفض,98
طوال,601
انبغى,125
كوى,930
عذر,16
تثني,1
وصول,153
أهداف,26
مكان,695
ردى,207
واحد,901
اضطر,666
صعود,27
منزل,2244
إعصار,76
قادم,415
حسن,1038
حظ,457
رام,283
مرحلة,78
سقط,179
سروال,102
فصل,217
أكمل,110
حرج,96
شديد,731
كاد,191
كي,59
جميع,534
ضحك,205
علي,760
اعتقد,2479
سار,271
نحو,21
شاطئ,173
غير,128
مسار,55
اتجه,23
مباشر,103
مغادر,126
ثاني,153
إجازة,392
فرق,98
أحدث,11
إحدى,94
أمس,299
شجر,45
اخترق,8
سقف,46
أمتار,2
قليل,854
ابن,593
واقع,327
خارج,522
مد,639
خمس,49
أشهر,326
إجراء,162
إصلاح,161
مضى,130
أسبوع,2279
شاهد,429
أس,112
كروات,16
تهزم,2
دول,55
مضيف,6
روس,31
بلد,172
شك,190
سماح,44
بعض,235
فوز,149
زميل,250
سأل,129
أسئلة,35
كيفية,122
استخدام,166
هاتف,250
محمول,77
تقريب,217
خبر,662
هواتف,34
استخدم,136
حذف,3
جهة,3
اتصال,160
خاصة,609
شاحن,127
عطل,418
نهاية,1011
نفق,72
دولار,441
قطع,265
غيار,6
أداة,9
زال,42
صلح,13
خطأ,339
محرك,38
جمال,14
قاد,68
انفجر,43
اهتز,13
امتلك,110
قوة,85
أوقات,206
أخرى,859
قود,144
استبدل,5
أشياء,872
شيء,2767
حدث,594
فترة,513
طويل,637
وجد,582
نفس,677
مطلق,51
أول,553
حي,625
عيش,334
وحد,417
طريق,840
اعتاد,220
عزلة,19
فخر,37
حقق,51
حلم,63
تحقيق,72
غفا,9
!,190
غاب,50
أهبط,6
مبنى,28
مذهل,99
مضحك,101
بن,92
تخييم,75
طفل,989
رائع,1371
خطط,223
إشعال,4
حريق,31
تخطيط,42
جديد,1669
انفجار,37
انتقل,289
تو,1255
تم,877
بناء,112
ديكور,3
أجهزة,37
شاب,35
تناول,597
شراب,23
انتشر,8
معي,260
مشروب,71
نسب,558
لحظ,90
التقط,77
ارتكب,47
لاحق,121
ليل,1281
بدأ,510
ضيق,167
أمة,442
تقيؤ,28
سدى,20
ثوب,16
عرف,273
متزوج,58
أسابيع,244
علاقة,158
غرام,42
مستمر,18
زفاف,78
استعادة,49
نوم,246
مقرب,52
ذنب,109
خجل,156
طبيعة,81
اختار,57
بقاء,159
أخذ,550
والد,1032
سيار,1625
مندهش,76
شراء,318
زل,455
اقترب,76
سن,315
أربع,18
فكر,698
مراهق,76
أوائل,9
عشرين,9
عمر,655
حظي,23
متع,119
قضى,172
بحث,259
مقال,9
قبل,72
مجلة,6
نشر,50
شاعر,3
قرون,2
وسطى,4
جيفري,1
قرن,7
رابع,34
عشر,133
مزعج,178
دفع,552
جنون,223
بواب,34
كسر,176
تمثال,9
صغير,765
قدم,564
أخ,300
مهم,120
ممكن,96
قديم,602
أعطى,350
استطاع,785
تحمل,195
عدم,348
حساس,44
نوادل,1
خدم,152
سيئ,532
تخيل,105
طلب,568
بطاطس,40
مقل,37
تقديم,120
بدل,159
ترك,666
ممتلئ,28
طعام,559
اشمئزاز,72
ثلاجة,54
تمام,480
شكر,868
يا,294
حرار,46
أكل,401
ذكر,392
أصاب,239
صدم,364
مؤخر,936
خائف,588
نصف,118
موت,145
آكل,49
شرف,78
غمر,18
داخل,117
أعرف,1014
مدى,215
خطورة,10
طوابق,2
أصغر,153
جهاز,176
كمبيوتر,154
عب,524
لعاب,126
فيديو,154
صبح,186
كبر,315
أيام,637
صعب,748
غاي,1779
توقف,300
مستقبل,96
عديد,162
وظائف,45
تفتح,6
عبر,273
أحد,873
وعد,12
غاضب,596
مفترض,177
ساعد,397
انتقال,112
شق,183
أتا,126
غلق,66
خلو,11
أغوى,7
إغواء,1
جيد,2178
بقى,227
ملتزم,10
تغشي,5
لغة,49
طلاب,54
صيني,22
واجه,53
صعوبة,121
موضوع,52
إضافي,12
مساعد,379
تأكد,148
فهم,90
أعجب,53
رؤى,611
أدار,57
مفهوم,8
سرع,280
كبير,1081
طرق,79
فعال,19
قيام,463
سبق,136
حيوان,320
أليف,164
إخماد,4
حزن,156
تخلص,116
كلب,981
بالغ,177
صحيح,410
نشأ,56
أنسى,41
أبد,624
دير,8
وين,2
مغلق,21
ريم,74
ساعة,347
إطار,52
دهس,34
مسمار,10
قرب,231
منازل,44
أطفال,952
نهم,30
أصوات,21
ثمين,17
ذاهب,359
مدين,410
ملاهي,32
ممتع,372
تأكيد,554
قر,168
رحل,620
دولي,11
ولاية,135
متحد,46
تجربة,208
قام,652
إطلاق,393
حجز,31
خط,120
قمن,47
عثور,177
طيف,501
سكان,6
محلي,4
تنقل,18
توصية,9
جبى,936
اعتناء,43
عمي,116
عانى,84
مرض,207
معد,71
بدا,684
نامي,3
فور,91
خوف,149
إدخال,10
مستشفى,104
مريض,183
مدير,212
يسير,65
قوم,253
أعمال,96
بيع,113
كذب,112
أموال,140
إضافة,185
تصدق,48
راح,111
إقراض,9
اكتسب,23
ثقة,183
إعارة,2
آر,132
تسوق,129
اشترى,535
حقيبة,83
قيم,116
قتل,145
نساء,31
مشكل,246
سرور,23
مذنب,8
كره,417
تعب,30
متجر,322
مزدحم,33
عملاء,59
فتح,83
عملة,343
أحيا,11
كون,1945
مشغول,109
ضعف,38
مقدار,51
بد,115
حاج,367
طرد,121
أقام,144
ربما,494
تدريب,128
استعاد,56
تغيير,148
هيكل,6
مكافأ,78
تسبب,66
حصول,876
محبط,129
أكاذيب,5
أتاح,27
فرص,151
كسب,33
تعطل,49
أطاع,812
متحمس,505
عد,266
مسقط,24
رأس,148
تطلع,291
رجوع,4
انتظار,922
جزء,256
قادر,215
إمساك,10
ركن,3
تجول,78
مض,50
فاجأ,157
مفضل,429
حب,1039
آسيوي,6
متوقف,20
عبث,17
فراش,53
لائق,40
استيقظ,148
أزال,398
مستيقظ,46
رسوم,63
متحرك,18
فناء,139
قذارة,6
عشب,75
حك,6
استحمام,32
شعور,386
آخر,1083
مجنون,141
عند,15
اختفى,50
وافق,156
أقل,178
تغلب,84
خير,705
ماء,144
تعلم,318
سباح,100
أسعد,57
أر,87
أحب,349
تبلغ,92
تعرف,221
مقارن,20
أخاف,115
ها,202
قلق,564
شأن,411
صاحب,42
ست,60
ماركس,1
دخل,258
لاز,2
أريكة,61
غادر,209
انفصل,88
خرج,507
سمع,347
ضجيج,24
تحطم,72
نادي,20
أجر,77
تقيأ,94
فات,49
ركب,128
أمامي,42
منح,121
زواج,82
أمل,236
حياة,446
ضبط,180
أراد,1052
قول,252
موقف,112
تنظيف,221
عثر,29
سلسلة,34
مفاتيح,50
عنى,86
علام,77
استمر,184
عامل,73
ماهر,10
إخبار,79
أتى,175
مغسل,11
متسرب,2
ظهر,250
أقول,152
رد,116
آلة,39
روع,34
مبيع,26
مشكوك,7
جلوس,60
مسرح,60
قاع,24
عناق,13
موسيقى,186
أصعب,30
عزف,67
محترف,26
قضاء,198
مميز,30
سافر,84
نون,12
شاس,5
شهر,386
مدهش,84
تطور,14
صفق,50
ناس,699
حمام,184
تالي,127
عشاء,260
قمام,127
سل,58
مهمل,46
محاول,127
جمل,41
ثرثرة,4
سيلان,2
صوت,235
مرتفع,155
افترض,20
تثبيت,13
تلفزيون,144
حائط,13
وقف,33
بضع,308
در,66
انطوى,5
بير,57
زيار,200
دائرة,10
حوال,281
اقترض,19
بطاقة,186
خصم,27
غريب,276
مسح,14
اجتماع,187
اتضح,106
إغلاق,55
مقبل,393
مرو,5
حزم,79
تأخر,99
توقع,396
أساس,104
إحصاء,14
ألام,148
أسمى,46
حرب,31
لانهاية,1
خشى,153
جيران,107
ظهور,17
ثعابين,13
نظيف,61
فئران,19
تتبع,28
سنة,193
خميس,24
منع,32
حال,702
مليئة,38
أخطاء,24
قرف,43
ذعر,28
خيبة,105
محتمل,61
ترقي,251
خيانة,16
غضون,189
تعرض,250
حادث,137
خمن,31
جرى,164
مجرد,561
مزق,28
رقص,54
شارع,116
قميص,63
كفى,188
تغطي,37
توفى,99
أضواء,27
جالس,60
زاد,40
تلقى,191
إشارة,25
تمكن,254
إقناع,16
حضور,67
استغرق,212
قريب,480
عرض,382
انتهى,595
أزعج,133
طلق,129
نكات,10
عني,102
مؤهل,37
قسوة,13
حمل,149
أهدأ,8
تجادل,10
استمرار,87
أعاش,174
شقق,7
اتصل,253
شرطة,134
مالك,34
جمع,169
حركة,117
مرور,157
حرف,49
كتف,15
وقوع,18
حمقى,10
غلى,13
دم,78
تاه,5
هدوء,37
توصيل,50
مخاطر,17
فاز,194
يانصيب,137
سدد,16
ديون,41
رقم,69
شتر,24
اجتاز,58
امتحان,230
اثنين,90
راجع,22
محتوى,8
دور,148
أطاق,144
اختبار,455
رئيس,217
زيادة,75
داعم,33
سداد,41
رهن,21
عقار,35
فرد,22
طبع,126
تعافى,36
بر,45
تصبح,32
أمور,230
ني,9
تكنولوجي,39
معلوم,69
قابل,163
مار,37
تمر,74
نوع,512
بدو,41
كسول,34
مبلغ,63
درج,587
تصديق,31
صراح,70
ارتياح,62
تقدم,261
صدق,444
مستقر,12
دوام,45
مطبخ,85
ملف,50
تعريف,45
ارتباط,53
صباح,355
ألقى,71
لوم,37
ماكس,1
برد,31
حين,88
عش,85
قدوم,17
موقع,58
أحلام,83
مقرف,74
معرفة,202
تقرر,3
طبخ,61
ثعبان,53
مراقب,30
نحاس,3
تكمل,4
تحصل,86
تمويل,14
كاف,96
لمى,4
إنقاذ,56
سيد,115
عمياء,6
سقوط,43
سلم,40
كهربائي,44
منزعج,176
محق,21
سئم,38
تحسن,176
قص,26
تطاير,5
صخر,17
نافذ,111
جار,228
ارتدى,132
وزن,112
مجموع,288
تبختر,1
متصل,7
اسم,105
سمح,164
متوقع,125
شفاء,16
منى,664
سوء,745
جرب,103
راتب,80
جدال,22
انهار,14
سياج,29
مناطق,17
واصل,40
تسلق,32
مكلف,35
إشراك,4
تحرك,104
جاهز,194
أجل,257
منة,395
عقود,7
أخرج,33
أشقاء,10
مكالم,97
سابق,296
بعيد,334
طبيب,253
عيون,31
أصبح,18
صف,191
طب,62
قوى,53
حذر,38
خطر,27
صرة,3
ذكي,78
تحذير,33
برنامج,79
تعتيم,2
شاشة,44
مسمى,5
باع,45
ثانوي,257
تحول,43
مجمع,26
سكنة,12
كبار,42
محزن,82
توحيد,3
فظيع,182
دقيق,119
حافل,72
اتجاه,48
حضر,241
أحضر,9
كعك,187
ودع,12
:,267
شمس,62
منتصف,119
يولي,15
تسلي,2
متأكد,669
أخبار,79
توه,17
ملهم,7
لماذا,192
عزب,30
أخير,288
دراج,120
مشلول,1
مشاكل,173
متمسك,4
سحب,86
قال,544
أسرع,57
متوتر,371
اعتنى,123
مسن,30
خارجي,21
سلحفاة,17
عجل,61
جدول,36
رتق,8
رثا,2
رؤوس,7
مصاب,86
التهاب,31
مفاصل,6
رقبة,20
ألم,58
وصى,7
ممارس,57
الرياض,232
كانو,352
أفضل,189
صبور,9
صلى,84
أرسل,25
هاريس,1
سعادة,185
عميل,27
وقع,59
احتفال,40
علوم,24
أعنة,81
برمجة,12
تكني,197
متصفح,1
صل,132
فصد,1
وظف,12
سمعة,20
عجب,18
مؤلم,54
مجند,3
إيجاب,76
ولد,174
أمكن,1054
محظوظ,180
تمنى,70
استوعب,5
دون,29
اجتمع,38
حفل,572
مفاجئ,82
عقد,58
بيطرة,52
قط,386
تبقى,24
حان,71
خروج,242
حانة,56
تسكع,104
اتفق,27
انزعج,12
حسود,56
احتاج,312
جميل,314
مرهق,50
تعى,68
تقول,57
وداع,7
التقى,117
ثقاف,9
مهتم,49
معروض,10
سوق,33
منطق,177
ريف,15
معزول,4
تكون,442
غد,293
توضيح,9
استمتاع,51
يابان,19
أبدأ,360
إعالة,13
أسرة,95
محل,212
بقال,150
أحرج,2
ملأ,15
عرب,54
أدرك,142
نسى,251
حقيق,223
رت,44
تعامل,226
زار,50
انخفض,16
متداعي,1
مهدم,1
حزين,334
عدد,93
مشى,80
سال,3
بلغ,207
خامس,49
فت,124
اكتشف,355
محروق,1
لعب,379
بسط,16
تحمس,6
مسافة,72
بطريق,135
تسجيل,54
سائق,90
تأمين,95
عصب,55
دمر,106
بوب,9
كل,53
خضع,35
سجل,55
بصر,2
مدمر,22
ازداد,27
تدريج,4
فجأة,75
مشوش,3
طوارئ,59
محرج,121
تواصل,61
مستاء,205
تسلل,27
قبضة,4
ثمانين,19
فأر,25
باب,246
منشف,9
متأخر,126
صيانة,10
أدى,64
تسريح,25
هتم,124
إعادة,140
ترتيب,16
أتم,179
صيدلة,13
تبرع,27
أضاف,10
كتاب,127
شيك,49
إصدار,33
هوى,18
نقود,39
استبدال,50
لك,3
صقور,6
مباراة,114
طول,124
عاصف,110
انقطع,38
كهرباء,30
خلاف,24
تأثر,84
اختبر,13
ميل,89
زيت,25
فائدة,33
إفطار,29
اختنق,10
مخيف,291
ملاحظ,55
إحضار,56
تدخن,4
ضوء,69
تشجيع,11
فتاة,292
قلب,180
سريع,126
صعد,37
عال,148
التحق,28
جامع,143
خريف,50
إعطاء,53
عصا,7
آذى,34
مروح,12
مهرج,35
فيلم,111
بكى,48
فندق,38
طلى,2
جانب,220
سلب,32
طيور,34
نورس,3
سرقة,76
قع,6
افتقد,429
فراد,57
مواجه,26
أحباء,8
تواجد,51
مسبح,36
ساخن,51
قفز,193
مايو,9
وصل,69
أشباح,8
شبح,35
مستعد,313
أعاصير,19
حبا,69
تكساس,33
ضخم,138
صندوق,129
تقسيم,11
فز,53
ارتداء,41
ملابس,213
حلوى,100
اصطحاب,57
لاس,17
موعد,252
مؤدب,5
مواعد,40
تولى,7
مسؤول,79
تخرج,263
كلية,422
مكتب,153
خبار,11
درس,280
أوجد,139
فرح,31
جدد,62
استعارة,22
جزاز,31
مكسور,25
صيف,295
نهوض,6
حيال,436
عار,23
تذاكر,97
جاك,9
استمتع,177
تكره,20
تطلب,59
كلف,60
قبض,49
مجرم,5
هرب,94
سك,18
خطوط,15
مخزون,6
أجلس,68
ارتفع,23
تساءل,79
احتفاظ,40
راقب,36
غب,101
ربح,77
أقال,21
آلاف,22
اطلاع,4
بوم,50
صور,288
سهولة,56
تب,94
خوى,8
سواء,22
عروش,19
بدء,167
راضي,57
تمرير,12
مقصور,9
رومانسي,15
كيمياء,18
خدع,71
مروع,119
مبتسم,2
عود,420
شتاء,48
ثلج,17
احتسى,3
ترسم,3
زجاج,61
ممثل,26
بطيء,18
كلام,23
تقييم,30
انتظر,252
مفتوح,74
تدرب,79
صمت,17
انتخاب,23
أواجه,57
شغف,17
تف,24
رجال,101
وقح,29
تاريخ,53
دراس,382
رفاق,26
قدامى,44
اعتقاد,9
مطعم,206
محادث,45
اشترك,6
سوبر,64
بول,22
نتا,37
موسم,141
أغسطس,19
مساء,42
تعدي,33
دردش,29
رهيب,77
فشل,105
عكس,33
هوك,32
أوراق,18
محترم,18
أوان,24
مثال,80
إرسال,46
أحوال,17
قيد,52
تنفيذ,17
ناقل,5
أضاع,171
تجاوز,86
ألف,51
أود,74
دفعة,32
جدي,108
متلازم,9
تسع,9
حدوث,68
تسمم,12
حد,193
تجلط,3
أعضاء,11
انغلاق,2
معطل,10
حفظ,37
كند,14
طموح,4
ساحة,35
ابتداء,22
شدة,144
تجديد,25
ملعب,22
مبان,7
تعيش,95
أخت,42
حمة,28
نادر,55
أمنح,7
أنفس,22
انزعاج,13
سخيف,56
ترب,31
مدرب,32
دفاع,11
أمريكي,31
إنجاب,40
تقارب,2
أحفاد,8
سرق,248
جرة,89
ضعيف,9
صولة,18
محكم,33
طرف,12
صدر,52
اعتقال,4
مضطر,45
دين,21
واجب,30
هيئة,8
محلف,6
ثلاثة,130
ربيع,26
دهش,28
مصدر,30
إزعاج,12
تمطر,46
مطر,62
شهد,15
عواصف,29
ممطر,9
فصلة,21
طين,14
فوضى,74
مصد,4
آسف,103
فائق,20
إنهاء,45
ظلال,6
قصير,65
مزيف,14
تفكير,184
ديزني,74
حامل,89
جواز,3
مرر,15
مثيل,4
صغار,94
إظهار,22
حبال,12
أسرار,6
هدر,14
مكون,27
بيتزا,195
صنع,293
وجب,178
عدل,9
طائر,126
اضطراب,25
نوب,46
هلع,7
فاتن,60
راد,112
طهي,63
هل,31
ثلوج,5
محو,1
حفر,51
ارتجف,15
رعاية,148
موافق,93
وكس,10
خفيف,39
بوق,9
قبول,76
ضعة,26
شرير,24
شائع,27
نهى,54
نهائي,170
شل,34
فصول,43
بلة,27
بلاء,97
معظم,161
آونة,63
جبل,12
حرائق,4
جاف,18
عيوب,3
تصرف,108
متفوق,8
غرف,326
أقوى,2
مظهر,30
آمن,45
طالم,55
مخلص,77
أسف,118
طارد,41
لعض,3
سويتش,6
سحق,56
ريق,171
انزلق,35
قهوة,97
عارم,1
اصطحب,56
امتلاك,36
شريك,97
جلس,63
خاف,6
إخوة,38
بال,30
ذئب,16
أبيض,19
قطط,82
جير,57
قندس,2
عين,78
متبقي,20
أشبه,20
دع,33
مخطوب,8
ضيف,5
إعداد,89
شارب,3
شرب,132
تكوين,20
تفاعل,15
سام,12
إفريقي,7
أسباب,24
أمريكا,22
ند,10
مزهر,16
إخفاء,18
أدلة,6
باهظ,61
ثمن,156
تلاحظ,7
بديل,19
أعلم,16
قصد,57
سم,35
مات,165
كفاية,27
حرص,27
أعراض,7
وفى,132
نجح,157
قائم,83
فاصل,3
نقط,52
غيور,24
صادق,64
متابع,17
إهدار,9
مربوط,4
اعترف,30
أسنان,101
أفقد,31
وعي,13
أرض,212
مربع,6
وجه,283
متأنق,12
ناهي,41
شظايا,2
مخطط,45
عشواء,80
متوافق,1
حبس,14
مشاريع,5
خبراء,3
إدارة,65
غباء,40
إجهاد,6
أكتوبر,20
مخدر,52
كحول,32
وسع,50
غارق,14
ساء,192
زات,124
واثق,90
شعب,16
تأديب,4
صراخ,40
جرح,27
مشاعر,79
جآ,30
غازل,9
خاطئ,77
إجابة,45
تردد,8
تحكم,35
مارى,14
أخفى,3
أخبر,45
رياض,70
ماراثون,21
عداء,7
احتال,4
مركز,137
باد,150
تزوير,1
طفول,163
خصوص,5
سريالي,9
فرنسا,21
نهو,88
رأي,163
ازدحام,10
المرأة,24
سير,152
ذاتي,41
مقام,10
تكيف,8
بذل,93
جهود,6
اعتبار,16
تعليم,91
نم,21
ضغط,73
توصل,11
حلول,52
جنح,6
اختبأ,23
أصابع,57
برتقال,5
هزم,10
فلوريدا,78
مؤكد,90
احتمال,23
خسار,38
كرو,1
محارب,22
مجان,120
أعان,50
تجزئة,19
عميق,31
تدفق,17
كسا,1
لقى,31
فاكس,1
ثقيل,17
سادة,6
نقذ,31
ركض,157
نفاس,13
سد,56
نتيجة,39
حيد,133
تنجح,21
أمات,65
شرك,268
فتى,40
حن,63
زمرد,2
أم,163
رعب,113
مفتون,6
تزلج,59
دروس,28
تسهيل,5
مفتاح,43
صميم,1
بحيرة,32
استرخاء,100
جاز,19
أصلح,19
مسك,54
لوح,60
حاف,34
خشن,7
يد,85
حبب,144
طابور,34
إثار,48
كيل,5
سفر,62
رخيص,57
رحلة,26
بحر,56
صفقة,11
مساح,37
موجود,105
ذريع,6
تنزه,15
أقدام,7
أفعى,12
جرس,10
حمد,52
له,61
نبه,3
نسخ,17
احتياط,21
لبك,2
احتفل,36
رطل,56
بداية,133
جراح,94
شمل,28
مهاجر,5
حدود,17
معقد,13
عاطف,97
علاج,76
بنوك,7
هدية,138
عظيم,113
مستقل,18
عم,74
سكب,58
كوك,5
بيان,19
عاطل,15
مجال,41
مهن,40
سماع,108
أعصاب,48
صلت,128
أسلوب,20
دفاعي,1
ممل,48
روجر,2
أدر,4
ويمبلدون,2
عنز,1
تنس,10
ألقاب,1
بطولة,21
كبرى,40
تزوج,117
دار,32
أذهان,1
أطول,9
بنت,5
وكن,31
عيادة,10
ين,2
موج,23
سعر,50
صرف,21
قارب,31
استحق,166
خاضع,2
نظام,130
صحة,194
أجهد,8
معصم,7
تميل,8
تعيين,19
أوروبا,25
غرب,20
ناحي,41
منعطف,5
حاد,17
غالب,109
محير,4
نمط,5
توتر,172
غداء,156
ألق,43
نظرة,48
لطفاء,20
مريع,22
نتائج,118
بغض,55
تنبيه,4
شيكاغو,13
ماجستير,20
صداق,41
خطيب,40
سائل,37
أملأ,2
فراغ,41
حسد,61
أذى,24
مسابق,96
أنحاء,96
دونالد,13
سياسة,28
متعلق,16
هجر,16
خائن,1
تقصد,16
أهتم,50
أجزاء,20
ركوب,101
خلى,38
عقل,90
تحديد,37
مواقع,20
(,8
سلام,52
بطء,42
صراع,9
امتد,2
نووي,10
مهجور,13
أمضى,20
خطى,5
حكومة,20
إمداد,33
فقدان,5
حاضر,22
رسومات,10
تنمر,16
عصيب,62
أنام,75
تركن,25
تشتيت,2
انتباه,31
تلفاز,25
ظل,74
جليد,34
مبكر,138
اعتمد,38
مواقف,26
مختلف,198
مؤتمر,16
إسعاف,11
دالاس,9
محاصر,7
أماكن,51
حوض,35
غرق,21
غطى,40
ضرر,14
جيب,35
زور,48
مواهب,15
أغن,70
إعجاب,57
تقني,13
متخصص,8
بريد,139
إلكترون,52
متعب,37
عاب,4
توجد,76
جائز,69
موظف,58
مستحق,20
وراق,17
موارد,16
بشر,49
مراجع,25
تعلق,96
فريق,51
بو,11
عفو,11
لقمة,7
ورق,64
أولاد,53
حار,60
انطلق,28
صفار,4
إنذار,18
قفى,57
جوار,93
حول,33
أزمة,8
اقتصاد,27
أثر,27
دخر,29
دبابيس,2
عادن,20
مأوى,64
تصبب,7
متعاطف,1
امتنان,33
بركة,20
ميغان,1
كفال,6
ثالث,91
توالي,21
أزرى,4
هاجم,20
مصدوم,13
مغطى,10
كأس,22
ستانلي,1
شوارع,23
عاصم,6
حفيد,23
لاف,8
كبد,7
ذهول,21
معجب,85
منتخب,6
مرشح,17
أوفر,2
زمال,4
وراء,48
دكتوراه,8
إكمال,13
تعثر,82
حساب,97
تحضير,23
متغير,2
عانق,13
هرع,10
ساق,52
بوص,22
بلاط,4
صابي,28
نومة,26
عاشر,33
معلم,49
تدريس,30
مشروع,115
يقين,24
تلميح,11
تركيز,37
عطاء,9
زحل,1
منتج,27
أصل,77
حلو,85
غامر,22
تاسع,18
ملحم,5
قراء,65
سادس,38
استيقاظ,25
غن,24
قاب,9
قوس,16
أدنى,35
سخرة,9
مفر,3
منصب,50
سنوي,64
متتالي,17
معركة,33
تأرجح,8
تنافس,26
خطاب,62
سخر,24
مختبر,8
نجاح,43
فحص,78
عانة,100
سكر,98
صناع,12
إحباط,61
إعاقة,9
مأساوي,10
فزع,80
أفعال,4
جماع,15
حقن,5
آلام,15
إصابة,38
قرر,66
جرعة,4
كورتيزون,1
لطف,32
قلوب,2
كمل,11
سبع,5
إشعاع,1
سرطان,110
ثدي,13
أطباء,42
عظماء,9
علق,33
فيزياء,32
مرح,74
بيتر,4
بان,5
دعوة,53
اتخاذ,19
قرار,67
وثوق,31
أمومة,13
كليفلاند,6
ميامي,9
اتحاد,13
نوفمبر,16
دمار,12
أضرار,14
عديم,7
محيط,26
قنبلة,11
طيب,65
براد,7
بيت,50
جنى,9
مشهور,7
مفرط,5
عنصر,23
تمييز,6
احترام,20
منشور,9
مظلل,10
مفيد,51
جوردان,3
يوتا,4
تسعين,24
عادي,36
مرار,28
تكرار,33
بولز,1
متاح,18
نعم,36
الله,77
قدر,330
مواساة,2
فيل,10
يسار,8
أنثى,6
ذب,32
نجر,3
جاد,54
اختلاف,8
استمع,84
غراب,39
سابع,24
بارد,58
مادة,9
جذاب,17
ولاء,12
تدمير,24
تكنولوجيا,5
تن,33
استلام,18
تكلف,51
ماس,22
مخلوق,17
عاش,14
رفع,76
أحظى,29
اهتمام,105
لطيف,60
بار,31
مكسيك,38
جريمة,13
تصميم,30
انتقى,1
مصنوع,12
فولاذ,2
مقاوم,7
صدأ,1
خزائن,7
بيضاء,18
سطح,30
اختيار,51
ولادة,49
نزل,90
شرس,4
إشعار,10
مسبق,35
خيار,67
خجول,27
روح,31
قدام,24
لئيم,37
انطباع,11
تظاهر,29
محشو,10
كان,15
زلزال,4
تسويق,17
موهوب,20
محصور,7
مطاعم,18
وزارة,1
تقرير,17
نيويورك,48
مطار,39
أمتعة,20
مسروق,3
شكوى,18
وكيل,5
أعلى,17
تدهور,9
بلاد,75
مستعمر,3
جشع,7
أقارب,25
ملكي,1
تشخيص,40
بنكرياس,11
متقدم,8
تفجر,3
أنيق,9
تشغيل,72
صارخ,6
سعى,12
جفاف,3
أبر,35
جيمس,8
دعا,64
بائع,10
إصرار,3
ضرورة,36
اصطناع,6
كذبة,9
متوسط,20
مقطع,17
بيد,7
قلم,16
سلاح,15
فتاك,1
سحايا,1
فيروس,9
شلل,7
بيل,19
جرثوم,1
أتعب,3
استنشاق,2
شطيرة,30
تنفس,18
جو,84
خسر,70
امتص,58
هيلاري,5
كلينتون,7
تكذب,11
أمراض,12
مناع,16
تطابق,6
لقب,11
محب,35
تصوير,21
شعاع,3
واضح,57
رهبة,21
طابق,74
طفال,36
حمى,9
معنى,29
تخلي,29
رسم,68
كاحل,15
مبلل,8
إسراع,4
قصارى,66
جهد,107
أتبع,43
غذاء,105
جن,31
كم,41
خداع,18
أربعة,14
اجتياز,38
محاسب,12
قانون,47
معتمد,7
ضحى,13
اقتحام,42
مكتظ,6
ساحل,20
شرق,22
تأثير,26
وفاة,64
ركل,28
قتال,45
ملطخ,4
دماء,10
بريدي,25
مجهول,16
تشفي,5
بشراء,12
زم,12
مسكين,9
رم,33
حصان,23
أشعة,17
سين,3
قالب,6
هواء,69
عكاز,3
تجرة,6
قرض,71
صغرى,18
جرو,141
ارتجاج,2
طفيف,11
أدوية,18
محدد,91
حكم,22
تأتي,4
شمال,15
مشهد,16
كاليفورني,33
طير,45
جبال,23
نيفادا,2
تضخم,5
سرد,3
قصة,53
فسر,3
تشارك,8
جزيل,51
انتقام,5
أغضب,20
محاور,8
تبن,40
راسل,27
شجاع,27
صودا,15
علب,38
مملوك,4
رخص,52
احترق,27
دعم,87
مجتمع,44
دقة,11
بك,1
تخفيض,7
خرق,11
تخويف,4
إخراج,56
مبادئ,2
تجار,101
زمن,52
حليب,37
علو,89
مسموم,2
حدق,41
قيء,4
أسال,3
مها,10
معنف,1
حبيب,57
تلوث,4
بنطال,19
إله,37
احتفظ,97
قياد,212
إمكان,149
دباب,3
مزرعة,24
ممر,47
حير,22
تينيسي,7
شحن,31
حلق,45
تغير,77
تعود,36
كافأ,11
غبي,7
لبن,12
مهاجم,9
خلايا,7
حمراء,28
موسيقي,38
رصيف,23
من,39
قذر,35
وتر,18
صغر,8
بق,104
اتخذ,55
ثامن,32
امرأة,71
شكلة,3
تقي,16
دامع,3
نمو,24
متحف,7
فن,48
عصر,9
رومان,2
سامح,5
هاب,6
توجه,18
أسقط,60
فبراير,23
كافح,23
تألم,18
نهار,38
وبر,5
انتاب,10
أمن,36
جورجي,6
تساقط,16
تقطع,10
سبل,6
أميال,28
احتوى,41
أرقام,28
معمل,14
مذعور,9
كفؤ,3
غثيان,13
حديث,71
ممرض,18
طلاق,30
داعى,14
حزر,5
مخصص,13
ذوق,3
فاخر,19
ديسمبر,31
ابتعد,58
تقاليد,6
اكتمل,1
حالف,18
نقاط,19
حر,90
نجب,56
ملحق,2
صفح,7
طاولة,54
مغفل,7
مسلة,4
متن,28
حمر,41
متيقظ,2
تعبير,10
حجام,1
احترم,16
التزام,16
هبوط,23
توقي,14
جناز,26
بيئة,16
مغازل,9
استماع,36
شكاوى,2
عازب,10
متجرد,1
ذكور,6
عجائز,1
رفق,9
كتاكيت,5
نصائح,14
أب,29
بكاء,30
ذاب,6
عوام,10
غزال,12
عالق,40
أدغال,5
تابع,24
لازم,21
فريد,12
لوى,3
متعاون,4
مبروك,10
فرنسة,8
تأخير,10
ساطع,6
مستحيل,25
أغنى,5
كواكب,1
حجة,3
روض,31
حفن,13
إخافة,10
جفل,1
اختباء,14
مكتئب,20
انتحار,1
معهد,4
أطار,22
انتهاء,50
ملل,38
ملء,18
غاز,54
تحديق,6
إبداء,1
تعليق,21
مريح,66
استثناء,25
فضفاض,6
خبز,67
محمص,5
منضد,13
استنتج,1
مرعب,41
تنور,5
تبرأ,3
رسائل,44
رزق,23
نادم,8
نهي,6
مثل,34
تقوم,35
نظف,61
تنظر,14
صم,4
نوبة,17
خضر,10
تصريح,10
دخول,95
منتزه,5
جول,43
ميز,14
فقير,23
باقة,22
ذهن,47
صلاة,9
ائتمان,64
فئة,9
بلوغ,3
خطوة,74
شيخوخة,11
تحدى,10
نقد,17
خيال,22
أقرأ,32
كتب,55
قرأة,7
تفكر,16
عزيز,24
مقاعد,15
خان,30
وفاء,2
هادئ,118
عموم,24
كارم,3
إلي,90
نظارة,16
ارتاح,15
لذيذ,65
بصل,13
محطم,57
انفصال,29
إنس,11
تهديد,11
زر,11
وفي,20
انتقاد,6
تنصت,5
شري,18
مانع,27
حطام,42
انفطر,1
يأس,5
متخوف,9
شعار,5
مبتكر,4
انضمام,22
جهن,2
عروض,38
تجمع,19
رسل,115
تجميع,23
توجيه,15
ابتلاع,5
كبرياء,28
عمق,11
ليالي,34
ربع,64
تباهى,3
مهارة,41
ترى,33
مربك,5
تسمع,21
لمة,30
معين,35
صادم,13
تفاضل,23
تكامل,24
احتضن,7
سرير,120
تغضب,8
عابث,3
سلك,18
مطلوب,14
مولد,5
دام,18
اقترح,29
حبذ,1
قوافي,2
قرأ,39
مقامر,8
زرع,14
رئة,14
وراث,8
انسداد,5
رئوي,4
مزمن,7
دخن,14
لحام,2
أساتذة,5
مقاول,3
حديد,9
رمز,6
مراكز,7
رواتب,16
صفر,19
أقوم,38
مهمة,100
خفى,10
أداء,91
اقتراح,15
متشوق,14
خلع,24
رحيل,20
مشجع,11
فم,40
روى,16
وكم,1
معلق,16
انحرف,12
مبالاة,1
مكابح,10
غافل,3
شارك,21
مخمور,22
خاض,19
مخطئ,28
حل,39
باكر,10
اضطرار,38
بعث,5
صحراء,4
ليمون,10
حفاظ,36
رسالة,67
أبلى,77
قصف,10
أكبر,63
ثغر,2
أجرى,5
صياغة,3
تناسب,11
وصف,22
خريج,3
مدار,26
بحة,34
أنواع,62
مهذب,4
مستمتع,2
أفلام,102
تنزيل,6
مستوى,65
متباين,1
شاق,66
ثمار,55
منحت,2
سمفونية,1
غناء,22
بيتش,8
خليج,6
قمر,17
حشو,5
نقول,10
قراص,6
لاشى,2
إعلان,34
كاتب,8
داع,13
رضا,131
مولود,16
جلب,49
ضاحك,4
ابتسام,14
طقس,85
رطوبة,5
تعبئة,32
محموم,15
شاد,4
مشرف,31
تقدير,50
مدمن,24
مزيد,197
جذب,14
بطارية,19
تجاهل,45
إلغاء,73
مرفق,7
معيشة,32
مساكن,4
سكن,57
أقرب,3
تقابل,8
قلة,23
ذكرى,61
منعزل,8
وبد,25
حفز,9
أغبياء,10
دوس,2
اعتذار,7
فظ,20
تحية,6
خاص,65
هدف,42
تمارس,5
جائع,41
صدف,24
اكتشاف,19
علا,27
احتياج,14
طارئ,13
فقا,8
تضاعف,6
هدير,3
خيم,9
عجوز,38
فك,9
عناية,20
أضاء,10
مصباح,14
ضال,21
خزان,57
نسي,42
ذاكر,29
نمى,29
ختن,2
درب,15
انضم,32
دقائق,60
مياه,69
مسلم,13
قسم,84
مقتنع,5
وجود,53
مسكت,25
صولجان,1
سفلة,40
وكال,7
سلمون,3
تداول,4
أسهم,10
رائح,140
داخلي,56
انتفخ,1
حياد,4
شبكة,21
جمهور,12
سوداء,26
مقدم,33
ردة,56
نقص,21
عنوان,15
ال,21
مسيحي,2
اضطهاد,1
نيجيري,4
ذبح,1
متطرف,3
أونى,4
صبر,47
لقاء,40
صفع,21
إخلاص,5
عميد,2
تحميل,10
تر,31
ثبت,8
متشابه,5
خاطف,5
اعتقل,5
مرعوب,46
شاي,18
مثلج,8
طباخ,13
أطباق,42
دجاج,64
ير,6
راكب,6
صنف,1
محمل,10
مرير,1
إحراز,9
اختراق,3
عصاب,57
متسلل,1
أهان,5
إيمان,52
جبر,23
تحلي,7
قلائل,1
مهار,14
صر,5
مرافق,6
عنيد,11
روم,15
سينما,41
صالح,16
تراب,10
ضئيل,4
متردد,16
أفكار,30
حقوق,20
نقاب,6
محام,13
مستضعف,5
كلاب,174
عض,7
دست,8
عضو,32
آلم,42
جرف,5
أشد,10
رصيد,10
مسير,21
متحول,1
استدار,22
أخافي,37
وقوف,40
جلد,23
طبق,55
حت,7
مظل,45
طعم,61
أعطية,41
مربى,8
طازج,12
إرضاء,12
راود,4
أومض,8
سود,2
اكتئاب,32
زراع,10
زهور,37
منسق,4
حدائق,9
بواسط,10
اجتذب,1
حشد,19
سائح,2
حطم,51
نص,42
مبعثر,2
رهان,16
حرس,3
رذاذ,10
فلفل,15
لكم,4
إسعاد,5
قصص,23
أجمل,3
شرع,6
منافس,24
تحييد,1
سراح,7
قل,5
استقبال,15
ضيوف,9
أخر,1
مانح,1
ترسل,6
سجن,32
تهم,12
ازدراء,1
مطاف,23
تواريخ,1
حرم,12
ضياع,18
انخرط,3
احتيال,14
جون,11
وطن,31
مصر,6
تحقق,84
خطابة,2
مدارس,20
أبقى,2
متقاطع,10
صالة,99
معكرونة,30
سلط,20
فاصوليا,14
خضراء,12
انفتح,6
تداعي,3
جي,15
متعدد,20
تحليل,1
تبول,31
بساط,36
جادل,2
حذاء,62
يهم,13
بنى,17
قلع,22
رمل,8
تشبه,11
ربت,4
تموز,4
أمهات,14
ارتاد,5
ارتد,21
استعراض,5
سلوك,41
خال,38
حشيش,7
تاج,2
نزاع,6
رموز,2
توقيع,11
ضد,36
أنف,27
إصبع,35
بكتيريا,2
قصيد,4
شار,34
مجهز,2
مترهل,2
سألة,15
تواعد,14
حدس,11
انفعال,3
سجاد,94
صب,45
عشاق,6
واثن,3
دبلوم,3
شهاد,52
خطة,34
سياسي,8
استهلك,2
نحل,23
إملاء,5
جسد,53
التهم,4
مدفوع,27
مشي,123
تجنب,49
ألغى,28
لحاق,22
رمى,26
كاك,4
واقي,4
ساند,8
تجعيد,2
تام,32
مكاسب,9
مارتن,4
لغز,7
بث,10
استحوذ,2
رهاب,6
غطاء,18
كنوز,1
أيدي,9
معاد,4
رحم,1
قيصر,8
عبقري,6
إبداع,11
إخوان,11
معروف,19
آه,3
كونجرس,4
مختل,2
تصنيف,7
سلاسل,1
ثبات,3
تفاؤل,7
سباق,66
حماس,19
راء,43
جرائم,8
أبواب,21
مون,3
نضال,5
روك,13
ثروة,8
مبدأ,1
مصاصة,11
غطرس,1
مقيت,1
فاسق,2
ابتعاد,29
حجم,55
أميل,16
مبالغ,8
كلم,104
ثواني,6
ولى,42
زاوية,24
أسماء,7
تدليل,5
ألغام,5
إكرام,5
غفل,3
مخيم,12
فرض,16
اشتراك,6
مصطنع,1
موصوف,1
درامي,2
أثار,48
شر,7
إدلاء,3
قروض,21
لام,7
جنائي,3
وعود,4
شباب,39
سلى,1
ضوضاء,58
شجير,2
حشر,43
أعمام,5
اعتبر,30
واعد,22
باهر,4
استلم,17
هائل,13
ذباب,38
ميتة,20
منتبه,8
حصون,1
قتم,2
تشاءى,3
شاء,13
عمالة,8
مسدود,5
موفق,1
أرجاء,8
نضج,10
مناخ,13
وفق,9
أغنياء,2
مدن,13
أدام,2
فقر,9
تضرر,10
جراء,7
عاتي,1
رياح,17
مرضي,14
تشابك,12
),4
نائم,39
لطخ,2
صنادل,2
هش,5
سحل,5
اطمئنان,5
زواحف,4
جسيم,30
تنقي,2
وقود,39
سنت,7
تذوق,14
نموس,1
انهيار,11
وعاء,31
حبوب,16
طار,21
زبد,12
تمسك,24
مفترس,2
ثنى,32
دهن,8
إنفاق,37
ممنون,3
بطيئة,10
شرائح,21
لحم,67
احتشاد,1
طاعون,2
دبلة,1
ممتاز,23
قاسي,40
ممتلك,28
مرتبك,8
إساءة,20
إيجار,65
معرف,2
هجوم,19
ضاع,18
راه,5
أشار,12
أرضى,3
وصي,6
سعداء,54
شغوف,1
تسوي,11
راب,11
تحضر,14
نبيذ,18
لقاح,5
ساذج,10
نطاق,15
سيطرة,41
مقلق,13
عدال,7
تخصص,24
عظام,11
تحلق,8
نكت,5
خطبة,6
إزالة,18
أعشاب,14
ضار,18
مزح,44
نقانق,11
أخضر,3
أحمر,26
نزوة,3
أذكى,8
مول,2
تبذير,1
شيأ,11
انقطاع,14
ادخار,22
ارتفاع,33
تكبر,18
مدقق,1
صحبة,10
زوار,4
صادر,1
التحاق,25
مشمس,13
جزيرة,12
بادر,7
رمال,2
بدلاء,6
معتاد,41
مخاض,7
وسيلة,3
نقل,84
موثوق,16
مالح,3
نفد,24
عائد,24
أنبوب,36
إجمال,51
يقظ,35
ميت,47
مقاطع,49
نادى,14
تراث,2
بيني,1
بسيط,38
جبن,71
مناشف,5
قصر,22
ميزان,18
محدود,11
مدون,2
مشارك,46
أطعمة,32
تلف,4
فوضوي,11
تمزق,16
حلبة,13
إدراك,13
استعان,1
عارية,6
غسل,47
قرع,8
أجراس,1
طبول,4
مميت,7
ستيفن,7
هول,7
كابين,1
يرقة,5
مدخر,18
ميؤوس,2
تقلب,8
تصارع,1
فسد,15
قائد,11
تلقي,34
لمس,22
متصدع,2
توفير,81
تسرع,10
بطاطا,13
شم,30
مثابة,13
منجم,19
شيش,1
عمار,5
هبط,14
إياب,8
تراجع,35
استدعاء,27
مادي,5
ترميم,2
محط,42
نفور,1
صلاح,12
مهروس,5
جناح,10
مرق,5
مزاح,4
شقيق,17
أغاني,18
انكسر,15
إحراج,5
جعة,14
أزرار,3
سحاب,14
استأنف,1
ريش,3
اشتكى,26
هي,15
جاهد,27
قاضي,7
إشراف,2
استنفد,5
تأجيل,12
نفث,1
صدقة,1
استنزاف,3
أغراض,24
تخم,11
اعتز,11
مؤلف,5
نوافذ,18
تخزين,29
جولف,18
غولف,4
تل,13
مرتد,10
فستان,21
أذي,9
غرور,15
ديك,12
تمتع,41
أركض,38
مطارد,16
إناء,3
تفهم,13
تحسين,3
غزار,14
حافظ,27
برازيل,5
ميدان,7
أرجل,5
قياس,15
أثقال,18
بروتين,10
ألواح,8
برغر,4
إقليمي,5
تخثر,1
مقتصد,3
انسكب,5
دش,3
مسكون,33
غلي,1
كوميدي,12
سحر,22
رقصة,5
ملجأ,17
مزيج,22
صيد,65
هند,16
خدعة,13
يورك,2
اصطياد,1
نظم,6
سر,64
غر,7
أرمى,28
انتبه,3
مواكب,16
أثاث,26
بين,7
أخوات,60
استلقاء,9
انغماس,3
هندباء,1
نطق,5
تحري,7
لاصق,5
معرض,42
عتاد,2
بلقاء,2
لوس,8
كنا,7
استئجار,9
كمال,9
ميسور,4
نموذج,17
بل,11
ورش,18
استضاف,3
متكرر,13
جنوب,30
مجوهر,7
إيصال,13
بيدق,2
مهل,17
زلاقة,1
كشط,5
جسم,15
مفقود,48
عشق,6
خرف,13
وي,75
ولوج,74
راهن,25
زعج,22
ذهل,36
مدروس,13
قيثارة,4
خطب,18
فساتين,2
استيعاب,4
مقدس,6
تأنق,3
كسل,5
علاوة,48
رطب,9
شريح,28
مليون,30
؟,40
مشترك,19
أطوار,12
تطبيق,24
نظاف,10
تباع,2
مصرف,40
استرداد,25
مخاوف,11
جش,14
اصطاد,18
سنجاب,9
مسلسل,13
التواء,4
أدوات,25
لقطة,15
زيتون,12
أسود,43
آخذ,60
اعتماد,50
صاخب,31
سور,5
رفيق,47
شكا,7
متنمر,8
بلطج,1
أحمى,5
تجمد,8
ورد,27
تسليم,46
مراعي,4
أكثر,53
اخضرار,2
دس,8
لثة,3
بصق,15
حس,9
كسالى,12
هطول,10
أمطار,20
غزير,7
لغو,7
أعد,71
ماكدونالدز,37
نفط,1
اشتعل,16
ذراع,31
توقيف,11
أطنان,6
طرح,31
شيطان,9
لدغ,9
تمثيل,11
مستبعد,2
مارس,61
جنس,29
حبك,1
داق,5
منبه,14
بيجامة,6
انشغل,5
ضل,2
متاجر,26
مكيف,18
استراحة,39
إبقاء,31
بهج,6
خلالة,2
أعظم,18
مسود,5
سيرك,11
نسور,38
مفرقع,1
عنكبوت,42
هراء,12
عملاق,34
اقتراب,14
قفاز,7
أبناء,15
أنقذ,10
عاهر,2
كلور,1
موالي,32
نيء,4
جرأة,7
سؤال,37
وفر,14
احتواء,5
نجد,5
خاتم,26
أقر,19
أبعد,3
يناير,7
مضرب,10
أقوياء,3
مماثل,10
مزايا,9
أجور,9
جحيم,19
كنيس,68
متفائل,59
توظيف,12
معسكر,9
تجنيد,2
موهبة,15
إحماء,2
ثيران,2
أجهض,1
شجع,30
رشح,3
أقصى,30
خفض,7
حبار,10
كور,28
ألحق,7
وثيق,9
حمقاء,2
ستيشن,4
لون,60
عناصر,39
سطر,4
مطفأة,3
ريح,37
آس,11
بريء,7
سمك,40
قرش,19
ساحق,11
رب,8
رباط,5
اختلاق,3
قبو,22
مليء,27
غصن,6
طاق,47
صدار,3
تضور,9
جوع,31
أندى,4
بيروفي,1
أصيل,2
طماطم,21
عهد,2
حزام,14
لغام,1
متسوق,1
فنون,6
تمهيد,11
كثر,4
راغب,1
فيضان,13
سي,8
متخلف,1
متفرغ,2
شوط,10
لفت,4
مفلس,15
تأهل,8
هرول,2
خاطر,4
مزاج,37
غياب,17
جهي,4
استسلم,10
فاحص,2
شظية,1
مخلب,4
خشب,19
أمضغ,7
ظف,4
نبأ,3
مأساة,7
تفادي,1
نشاط,20
بدن,10
دراسة,39
عليا,48
ثقل,4
أمان,41
رعد,31
اتهم,16
أفعوان,47
تحطيم,12
ميتشل,1
هامل,1
مينيسوتا,1
كهوف,14
ملايين,9
مدخل,6
اعترض,6
كرز,24
كهف,15
أحياء,11
إرهاق,9
عداد,12
لمحة,1
تباطأ,3
احتسب,1
محسوب,2
رتا,1
نجم,6
شجار,17
ندم,20
دافع,17
تنانين,3
ملتحي,29
مقبر,4
مبهرج,1
طور,14
تكافح,7
تضايق,6
أجيال,4
أرسم,6
جمجمة,2
أناس,19
حيوي,11
مجاور,20
مقايض,1
إجبار,11
برامج,20
بكرة,3
صادف,26
علن,19
اندلع,5
نزف,3
نتن,12
برز,12
تدافع,2
مجز,15
راي,1
ثلاثاء,19
وثق,34
أفسد,10
فدى,16
تشقق,2
هدأ,6
تملك,7
اقتراض,12
عنب,5
أجنبي,5
نجا,8
أبوة,8
طبيعي,10
تلو,5
جونسون,1
هار,5
صار,2
رابح,1
فاتورة,40
كابل,21
مرآة,8
مبهج,5
شواء,18
نواح,9
مسامح,3
خصوصي,10
قاتل,28
طاهي,4
تقاعد,35
روتين,22
تقليد,18
حالم,5
تخلق,1
صراصير,24
شطرنج,8
حدد,3
عادل,27
ذبار,3
تخدير,2
بلاغ,2
لص,5
برود,9
محاماة,16
تذكار,4
وسط,33
أوقع,6
متهور,15
صرر,1
إبطاء,3
همل,2
مرتبط,22
لجنة,1
بورصة,1
اختطف,2
هارف,4
اغتصب,1
تطوع,23
متشكك,4
إسقاط,6
جداد,45
منفض,2
متنزه,12
ترفيه,16
قطار,48
قمة,18
لابد,19
أدان,8
يونيو,7
تمديد,5
حظر,11
مسافر,6
مجالس,8
مودة,2
حرز,16
متناول,11
مضيع,9
بحاث,3
تجويف,3
قناة,21
جذر,4
زول,5
تصفية,10
موائد,1
أرق,3
خطير,38
منتظم,9
اندهش,23
تشرف,2
تعاطف,15
تقلي,10
متهم,4
أكيد,3
تفاقم,7
محاضر,6
إتاحة,1
دكتور,13
أطاف,1
مستشار,14
ادعى,40
جوي,17
تيار,10
عطوف,2
ريادة,1
أرباح,7
صحاب,9
صوة,13
كرسي,7
موز,11
لافت,9
ناجح,15
ضحل,3
تشدق,1
أذكياء,9
ضابط,15
تسابق,3
فادح,8
تصحيح,7
قرص,12
مضغوط,9
ريتشارد,1
سكار,2
تناقش,2
تبويب,4
استثمار,12
جين,5
نسخة,25
اجتهد,2
كاره,6
توافق,15
أجاد,15
جاذب,4
صداع,25
أحق,19
مصانع,6
جيل,21
كشاف,7
صحن,3
سوط,2
قبعة,9
شرائط,2
صفراء,5
مجدل,1
مخيب,11
آمال,32
مقاتل,6
كاذب,12
ملح,5
متبل,3
طفح,4
حريص,13
زقزقة,2
اتحد,5
محت,1
صريح,10
عضل,17
حمار,1
شطب,2
سرى,27
تبرد,3
عالج,13
قاضى,2
ترويج,11
شفى,1
وسائل,6
تخطى,26
تمار,19
أشرطة,2
قضيب,1
منهار,3
فتا,15
إثبات,13
أبريل,6
تشاجر,20
إبريق,6
ماسك,1
قاعد,7
حمول,2
غسيل,14
مرهف,1
أستاذ,23
انقلب,8
وأل,1
مشوي,6
رديئة,3
حوش,7
رده,8
مضاء,6
فتر,10
تخلف,4
دهون,8
مسرور,15
انتزع,3
زحف,43
نثر,4
تعاقد,2
خادم,8
خوالي,37
جساد,2
أشجار,16
تعازي,2
شخير,1
ضرط,20
فرن,20
معتقد,16
رامز,3
حرق,23
خس,3
سماء,35
إقامة,23
رمية,2
غان,3
عدو,11
تذمر,11
تسامح,2
شرح,29
بندق,15
تأجج,6
غابة,9
صياد,2
أكياس,6
لفائف,10
لورد,1
نبيل,4
سبت,51
مطور,7
اغتفر,3
وشاح,5
قفل,15
مكث,12
مل,8
منخفض,39
باج,10
ما,16
صدى,4
مصابيح,4
إضاءة,9
غوص,18
أمير,4
أفراد,6
تعاطى,8
عبور,10
نزه,29
أزل,1
رسب,13
متورط,6
عادة,22
إقلاع,16
تدخين,17
متقاعد,4
رعى,5
شتم,11
ممتد,7
ورث,8
مكتمل,4
كينغز,3
فقراء,7
تورط,4
تحدي,23
تجفيف,3
محامي,8
عاض,25
افتخر,2
أهدر,1
نجز,35
داس,12
حشود,4
خذل,34
محكوم,1
بئر,4
دلو,5
طفا,6
ستيني,7
دوار,18
ثقوب,6
حفاض,37
متسخ,14
عبار,16
براز,24
رضيع,21
مراوغ,6
كارثة,13
نبات,45
مأزق,14
متسامح,1
مصير,2
مائد,6
تقاضى,36
ورك,10
مصارع,3
شنق,3
مكمل,4
أجسام,7
عجائب,9
كريات,1
مخالف,12
رادار,1
منال,2
مجد,7
تعاسة,2
تيل,1
مقالب,12
مهووس,11
أغرس,1
أخلاق,13
تعدد,2
رقيق,23
مشتري,19
نحافة,1
انحنى,6
انقسم,2
مذل,2
ضايق,9
مسموح,2
ارتطام,2
مسدس,18
تمزيق,9
أنابيب,7
توسل,16
شاكر,20
حسب,13
كاريكاتور,2
قرصنة,2
اكتساح,1
مزود,8
سلالم,8
استقال,22
مرحاض,42
تطرق,3
شغل,21
عبوس,3
سيناريو,5
سراويل,17
خطيئة,2
زائف,3
ارتداد,3
تارك,4
دعوى,4
تنظف,7
سبح,23
انحراف,3
حضن,19
أخطأ,12
ملتوى,2
ميم,3
نمل,13
أدلى,7
إذلال,14
قطف,5
استقبل,8
منظر,7
ثورة,3
تحريك,2
وتين,2
مريب,5
حقد,1
تعس,1
عناكب,26
طلاء,24
غرد,1
مشبع,3
أوامر,12
معامل,40
مجفف,9
اقتحم,32
أكواب,5
راديو,16
بولينغ,10
تخلى,20
تفوق,23
محن,12
طن,17
مشدد,2
مماطل,3
جوارب,17
عقوبة,4
سخونة,2
رباع,17
تطير,6
مسا,1
ناوي,2
عصير,15
وسوم,7
دواليب,1
طحن,10
متعامد,1
كرم,4
جزاء,17
فنان,10
منغلق,2
ادخر,17
تجميل,3
ضيع,12
وكلاء,1
مقذوف,1
أصفر,5
معجز,15
مؤرخ,2
جالون,4
ملاكم,12
صد,3
هجمة,3
مسام,1
معذر,3
غريزة,5
حمض,6
مشوار,1
مضاف,3
ابتهج,3
جيتس,10
ترعرع,2
صفير,5
مهين,7
شطف,5
ممزق,16
جدا,5
مايكل,4
جاكسون,3
معاق,8
مناقش,16
تناثر,7
رؤساء,8
ثناء,9
دو,17
آباء,31
غراء,2
مسواك,1
صامد,1
ذروة,8
موقوت,1
عاجل,12
صيغ,6
بط,14
تواليت,7
زي,21
متقارب,2
بزوغ,1
جر,15
مدلل,6
تدحرج,14
جداول,2
خدش,54
لوت,1
تك,3
آتى,39
شريط,11
ألصق,6
زخارف,2
انزلاق,8
مبتل,5
إجرام,2
توازن,12
تأشيرة,2
تنازل,10
مجامل,5
مقهى,16
حيل,18
جهز,10
حنى,1
بروز,6
عازف,17
بيانو,22
هام,2
مضمار,8
استاء,12
إرباك,1
تبرز,62
شاك,2
فينة,1
خيل,8
محول,9
إخطار,10
سبعين,6
ابتهاج,2
مجيء,14
شذر,2
تهدئة,14
ممزوج,2
كال,8
تعذيب,1
ثور,12
هز,11
مفجع,6
دفن,5
رابط,11
مشرق,21
تنقذ,2
ترع,1
بائس,30
ألوان,20
تافه,8
قضايا,10
جذور,5
ركز,14
عقب,11
أعاق,8
خوض,19
بلاستيك,8
تكاثر,5
مقتطع,3
داف,2
أحداث,19
خصاء,8
إنقاص,15
أرطال,32
ردود,8
ماعز,2
مربح,2
ستريت,1
لحوم,16
تكرس,1
قديس,4
وقل,1
معاناة,7
مسيء,7
تقييد,3
حبل,11
أخف,5
إطعام,25
سقي,7
تغاضى,1
ملطف,1
مرضى,16
مختار,1
حاضن,3
اغتصاب,6
فاسد,25
آفة,4
تهاوى,1
واقف,2
ميكروفون,4
جمد,6
تطفل,2
نصوص,2
استرخى,14
مصاريف,8
مستهدف,2
اتباع,17
مبتذل,5
خزن,8
تخصيص,4
عتب,10
دهم,3
شدائد,1
احتضر,9
برى,2
سبيرز,2
صبار,3
متجعد,2
سب,56
أقلق,17
رسوب,4
بوفيه,11
مأكول,16
انتمى,3
رهون,1
احتجاز,3
شفاه,5
فاتح,6
صرير,3
هت,4
جنرال,1
ختار,6
سمن,1
منكسر,1
اندفاع,14
ثري,2
تقطيع,8
حشائش,2
مضغ,6
فلس,4
ربط,32
وحش,14
خصوم,1
قماش,2
سمسم,2
محنط,2
أكن,1
أنان,9
رواية,7
تصفيق,1
استلقى,7
كومة,12
أبهج,1
عاقب,9
فوات,7
صات,4
ضمن,6
تمني,2
ستيف,5
بطل,14
دلاء,1
وشى,4
فاكه,9
توت,2
بطيخ,8
بقر,23
هواة,2
فنجان,19
بقايا,22
ملعق,4
نادل,26
حماية,14
نشط,4
نيسان,4
شاخ,3
كيس,36
جلسة,13
انتفاخ,1
بشاش,2
مسطح,7
سجال,3
متستر,6
رش,8
مطهر,1
سمين,12
جرم,3
منعش,5
فقاعة,6
خرد,7
خنزير,21
حوادث,15
نباح,9
طي,2
تحريض,2
كريه,36
متعفن,14
تغذى,5
استجابة,4
فرز,5
تصفح,31
نعت,1
صحح,1
ماطل,2
كشف,7
جدر,11
معطف,6
عدوى,6
استرد,8
مواعيد,9
سرف,2
جاه,5
فرك,4
جراثيم,4
حقار,1
أجبر,3
مسترد,5
توفيق,9
بديهي,1
عبوة,10
زحم,5
هم,13
محبوب,17
لين,13
مراعاة,3
تنميط,1
مكثف,9
تفرق,1
برق,13
هال,5
نشرة,4
نفاية,9
تطهير,6
إنزال,5
انقياد,6
جحر,4
مطيع,2
تنبؤ,7
حاص,2
نازي,1
غين,3
التقاط,28
صوان,1
أغار,1
ألغاز,1
وج,2
كمثرى,1
ثرى,6
آجل,7
جلطة,4
مستخدم,6
مبدع,5
عزباء,7
باحث,3
أتي,1
عاتق,3
ياردة,6
مبادر,4
بارز,4
استأجر,18
أقعى,19
وثائق,6
متسلسل,3
بطن,14
أقدر,3
حضان,23
معارض,2
بنفسج,1
كئيب,1
مقفل,6
برسيم,1
بارح,19
شبشب,2
زج,7
نقر,47
إرشاد,9
أنس,18
تحرر,2
حروق,2
تفاني,4
مساهم,2
أكد,9
دواة,2
أنهى,5
هواية,12
مذهول,12
شاذ,1
أفلت,5
عقاب,6
نفخ,8
أفران,1
قبيح,10
ضرائب,28
عوض,4
كسبة,2
عواقب,5
سماد,3
جرام,4
ألياف,5
أوضح,8
ضخام,3
جاهل,3
خنصر,1
بقع,16
فوف,1
زلة,1
مفصل,5
ملتصق,3
شحوم,5
تسدد,2
مقطورة,10
أزواج,23
غموس,1
تدخل,19
تيريزا,2
غسالة,13
خضار,11
نصيح,39
تفقد,20
تغذي,11
حنث,3
تصدع,4
توم,7
هارد,3
لعنة,7
نسيم,9
محبوس,2
قفص,18
فشار,6
مسرع,13
مجادل,1
إنشاء,12
استياء,9
مشرد,12
معدن,7
أغشى,8
رياضة,15
إنسان,12
مايونيز,3
مصنع,20
شغال,1
زقاق,3
شهي,21
تلال,4
لحى,9
عنق,5
مدرج,5
تلة,11
أهل,4
رز,6
إلهام,8
منضبط,4
عدوان,13
مطير,2
خصوبة,1
دوك,1
تقدر,6
استحقاق,4
تبديل,20
شركة,16
قيعان,3
وقفة,5
أولوي,3
عاقل,5
دبر,1
إلزام,3
مستعار,3
تصعيد,2
خف,12
خفافيش,7
برش,2
ناب,3
عناء,29
مناجم,1
مألوف,14
خالف,1
استغل,11
تقصف,2
فرو,6
متر,8
أنفاق,5
كوب,27
خدوش,11
معتوه,2
هشاش,3
ضعفاء,1
منظور,8
شادي,1
تطوير,9
مؤسس,15
جامح,5
وجيز,12
استطلاع,2
لاسلكي,4
انسحب,16
فخ,6
منتجع,6
تجارب,12
أشرف,2
لصى,6
تبادل,14
مرتب,24
عوامل,3
برم,20
تايمز,1
سكوير,1
عراق,3
مختلط,22
ستر,15
اتسخ,1
آثار,14
جرجر,2
تخطي,3
فول,7
سودان,4
راحل,6
أبسط,4
ون,3
حددة,1
هداف,4
جمهوري,5
سبتمبر,16
صبيان,1
شهرة,10
تعايش,5
إجهاض,7
نحب,21
ديدان,6
غروى,1
ساحر,11
بنطلون,2
ناسب,9
أرخ,1
جليس,12
نوادي,4
وسائد,3
أشلاء,2
معاقب,4
متواضع,11
تبادر,4
نعيم,1
مزدوج,11
حقائق,2
غرض,3
عنيف,3
أبوي,1
تأجل,1
بركان,4
قنو,6
قلا,7
طيرة,21
تفاح,23
خصومة,2
استعد,3
واهي,1
دعاء,7
احتقر,2
أردني,1
أحذية,44
مستقيم,6
مذاق,8
عجين,5
قرنفل,2
مؤدى,1
توماس,1
ناضج,5
تدين,1
مخبز,10
صيت,1
تصويت,5
ساقط,1
بريطاني,7
أوروبي,3
مملك,7
مقبول,12
يلق,10
اعتد,1
عمى,19
اعتزاز,8
استعار,25
مستعمل,23
تنظيم,16
مجدول,2
فرط,9
مجلس,14
تونة,5
دوائر,6
نير,10
مكاتب,4
صخب,2
وزراء,2
نقاش,3
برلمان,1
شفق,11
فيتامين,7
استجاب,14
رغيف,7
بغيض,11
ملاء,5
رتب,11
روائح,5
ديل,3
تحسي,26
تهديف,1
تفويت,10
تلاعب,8
تواضع,5
نسيان,3
تصنع,18
خام,6
نصر,2
متناقض,1
تفكيك,5
ارتطم,2
توقيت,7
ودي,8
أظل,37
كيلو,5
موجب,1
رصين,4
متشرد,4
تغوط,25
كمن,4
تشويق,5
حماق,11
شهوة,1
خلاق,1
كوكا,2
أخشاب,1
توليد,3
نج,2
ظهير,6
ضروس,2
أحرق,3
نعناع,3
أطلق,7
قسط,9
سمور,1
طمع,1
طراز,6
يس,4
أنة,27
أيل,2
مداعب,1
مبالي,5
أسطورة,4
احمرار,5
استرجع,3
محك,2
صلب,13
أمطر,17
دموع,14
طاقم,6
بليز,1
كاريبي,8
زرقاء,13
سكرتارية,1
بابا,1
جدير,14
أبطأ,9
كار,7
تاكسي,1
أضعاف,4
احتماء,1
ضائع,12
مزايد,3
متطاير,5
وقاية,15
خمور,1
خسوف,1
نجاة,4
خاسر,10
إهانة,10
خبث,2
نكر,7
قلل,3
قادة,3
تغيب,2
شوق,4
تساوى,5
تجسيد,2
نشأة,5
كاثوليك,1
خرجة,7
فيلادلفيا,3
رائد,2
إحساس,10
منفتح,6
ودود,9
صوابي,4
تفسير,2
لامبالاة,1
تشبث,4
ماما,9
مبتهج,7
كابوس,10
أعمار,7
بنك,28
رئاسي,1
عقول,2
أتعاب,1
مرسيدس,8
تباهي,5
تعويض,26
بريج,1
براح,14
مكسر,3
تورم,1
مفروش,3
شعل,11
أنوار,7
أعياد,11
عبء,14
يان,1
سعة,6
مرغوب,8
تقليم,8
بدائل,4
صناديق,25
كلاسيكي,16
شكال,4
وجيه,9
أيمن,8
اندمج,2
دراية,8
مظلم,48
مختبئ,3
حرر,1
متعمد,2
حمق,24
تاهيتي,2
نحيف,14
سلوقي,1
ميدالية,9
مهندس,10
تصفيف,6
عزز,2
حساء,31
معنوي,7
حصار,1
غلف,1
زائد,14
مكافح,2
أخرجة,3
بهلوان,3
مبارك,9
أوسط,6
صراف,8
أنباء,3
خدر,3
طباع,4
بنادق,4
أبعاد,1
استثمر,12
كثاف,3
مشفر,6
محفوف,3
كاهل,2
مكسب,1
ذاق,4
كازينو,17
مكشوف,6
تحصيل,14
تفصيل,9
استطاعة,5
مرتجف,1
مطابق,2
ماكر,2
اخترع,2
وبل,1
لوز,5
خالص,4
أطراف,6
المرء,8
مدخ,1
تمريض,17
قداس,2
روحاني,1
خم,4
برعم,1
ساوى,4
إقرار,2
ضريب,16
هروب,11
معلب,5
منتشر,3
تراقب,2
توأم,20
منجذب,2
مكرس,6
ناهز,3
تجديف,11
منحدر,9
متواصل,4
رماية,2
مفاخر,3
أبدى,6
طبائع,1
تعليب,2
سبيل,8
نشوة,5
تزايد,3
تعرق,8
أثير,6
قمصان,12
تنفيذي,2
درك,3
شامة,2
سفار,2
أفيال,2
معجون,2
-,12
استكشاف,6
نائب,5
ترقب,9
حميم,8
باحة,14
لبان,10
متوج,4
ألعب,11
قزح,1
ديناميك,1
اختتم,3
سان,15
دييغو,4
جاس,6
زباد,3
شورب,1
منتفخ,4
غازي,8
منعة,3
كافتيريا,2
أحل,1
أيد,4
سعال,7
مهد,2
أكفاء,4
أنماط,4
فساد,4
عسر,3
هضم,10
ضباب,5
بيض,29
فكاه,2
رف,11
مشاة,6
لعن,4
ركود,6
أفق,10
نائي,2
أسترالي,6
نعام,2
مغامر,17
اختصار,3
إفساد,8
أنشطة,14
ترابط,3
مقيد,7
وقاحة,3
برقع,1
تكاليف,23
عقرب,2
نعاس,6
باسط,6
إيقاع,3
دراما,27
سيجارة,6
حصة,5
باول,1
تخفيف,14
أبحاث,17
نشطة,2
نسل,1
اهتم,9
بطان,16
فض,3
نقع,3
غواص,5
ترادف,3
مناصب,1
تراوح,2
ضف,1
ضاعف,3
عطر,5
رجولة,2
جيم,2
شوى,2
اعتزل,2
كيت,14
صيام,3
صوم,4
موحل,2
آخى,2
زرافة,2
معالم,2
قطب,11
احتفاء,1
دماغ,19
حامض,5
مستلزم,14
سانت,12
اختلق,4
مطالب,7
تضمن,9
ساهم,5
تقلص,1
كوبون,3
تزييف,2
مستغرب,2
غلب,6
ويب,9
حيز,1
لحن,2
مضخة,8
غيتو,2
أيقظ,13
أشفى,4
تقفي,5
حقير,7
خواتم,5
قلاد,17
مناديل,3
تسرب,13
ثماني,6
لامس,2
طر,6
فادن,1
ذيل,15
إقبال,1
سخف,2
ثقب,17
ضمان,10
ميكانيكي,21
وقاد,2
مواد,28
نيون,1
مخزن,8
مقاس,8
استحم,9
وعر,1
تريليون,2
بيولوجي,5
منبثق,5
يهود,4
يونغ,3
مضطرب,9
راشد,3
أنجى,2
أدرى,10
سويد,1
بارع,6
حسم,1
تجريب,9
مدرك,2
محتال,4
ظلم,9
شتائم,2
سفن,2
انحناء,2
كفء,2
موال,13
دبور,14
دبابير,6
أزيز,2
دفء,6
تصابي,6
خصر,3
مصمم,12
توبة,2
فلاش,2
باكي,3
متجه,6
قسائم,3
جوق,3
طقوس,2
لياقة,10
سكتة,7
ندب,1
إغراء,9
فطر,7
نفي,12
صحون,7
أخطر,7
أراح,7
سلال,12
مطرب,2
بري,1
ملحوظ,4
نرد,3
ظروف,13
ساع,3
حواس,3
مشاعل,2
أسلحة,7
مخفي,4
وصب,7
نحى,1
جمبري,3
بلم,1
انخفاض,7
طعن,5
إطفاء,10
مذكر,5
مكب,7
أحلى,15
بضائع,3
يدوي,11
أنتج,6
طيار,16
أودى,3
إرادة,12
فر,15
محايد,4
آذان,3
إيداع,4
حلى,11
أقفال,3
مفروغ,8
سبانخ,1
حقيقي,4
هاوي,11
مقنع,3
تعافي,9
قرح,3
منفصل,10
رجع,8
معدل,22
أجن,16
ازور,1
باوند,1
أسعار,29
دنيا,3
اغتنم,2
بكر,4
خبأ,5
مداخلة,1
إنتاج,11
استل,1
جزر,21
بهاما,13
تصنيع,3
معالج,24
تليف,2
تهوى,2
تلميذ,2
تالف,7
بيجاما,3
مكن,3
شد,3
متوحش,7
أنين,1
تنامي,12
ستائر,3
موقد,5
مطرق,5
باي,6
صخور,14
تهنئة,1
أبكى,37
نداء,2
شارة,2
منجز,4
سعد,6
طليق,3
خفاش,5
عث,2
أرائك,2
أرجح,17
ترخيص,11
أشكال,6
عتد,2
جيش,25
خلق,8
نزول,19
لف,8
مصراع,6
خدمة,15
تخليص,7
قمار,7
ديمقراطي,8
معتصم,1
عرقلة,1
فني,2
زنى,4
كرس,3
مرموق,7
مراحل,4
فراولة,10
موسوم,1
وسيم,1
ختا,3
نهض,12
قبال,3
اتسم,1
حارس,9
مسلح,4
تسمير,2
ألد,9
دواء,17
ضع,18
فولفو,1
أفاض,3
تبلل,1
مصارف,3
نهر,10
جاع,4
شراهة,3
سفا,14
جارح,1
خوة,1
اعتراف,18
هامش,2
فخور,12
فوائد,6
اهتزاز,2
حسيب,1
رقيب,1
تحرق,2
ميال,1
اختراع,1
أدفأ,1
عاق,5
شوي,6
حصى,1
عازم,3
تواجه,5
حنين,3
خيب,11
مناوب,6
كارى,3
فرامل,2
داني,2
جيلبرت,1
شارد,2
خز,6
متوفى,3
نعش,1
رفقاء,6
عدواني,3
مسألة,4
ارتبط,2
تحفيز,6
متقلب,7
مشتت,4
تعالج,3
هيبي,1
جند,1
عسكري,1
مخبأ,8
أثرياء,3
سياق,1
فرع,5
احتك,1
أنظار,1
قشر,7
ثابت,15
تمرد,3
قوط,1
اصطدام,10
امتياز,7
جوانب,3
إشراق,3
غلو,16
فتحة,22
بالوعة,5
جذع,4
مسكن,13
مقطوع,8
تهجى,1
أحمق,4
تكسر,4
عمال,20
أكتاف,1
استعلام,1
تعهد,2
دليل,22
مصعد,13
متدين,5
نفاد,4
وري,1
منفى,1
اختناق,7
مجروح,8
أمد,5
متفهم,5
فرت,9
افتتاح,22
تسمي,17
أذن,35
تحديث,10
وفاق,1
ارتكاب,4
إطلال,1
نف,1
إرث,6
مرصع,2
جواهر,1
تقبل,5
مجمد,3
لخا,3
مبرر,3
كذاب,2
غائم,4
متميز,3
مستند,7
حدب,1
أندم,3
مزامن,1
احتجز,4
سارق,1
أشهد,1
تغليف,4
استقالة,8
هزاز,1
ناعم,3
شؤون,6
صقيع,2
محضر,3
خائب,3
مؤامرة,2
مهرجان,3
استفاد,6
غمة,9
عواطف,8
مصقول,1
تجريف,1
فاح,10
ماك,2
موديل,2
راقي,2
طوف,1
استقرار,10
أولياء,3
تكليف,6
اختلف,9
عشن,3
ديناصور,4
أدخل,2
بلوز,1
مضايق,6
قواعد,15
إيماءة,4
شت,4
اعتذر,33
نقم,5
كنغر,3
اشتباك,1
نقي,3
ختم,2
بورتوريكو,1
فيريرو,1
راش,2
دود,14
جرائد,1
تجهيز,8
تنسيق,5
بالون,7
صقل,1
محرر,5
انشغال,8
هتاف,6
فيرجينيا,3
كوابيس,12
مجرف,5
رفاه,4
نو,6
سياح,6
فتن,2
اقتباس,2
ظرب,11
أصم,2
دخلة,4
أقمار,1
تكدس,2
وني,4
طبل,3
ألهم,13
مستمع,3
أباد,1
صال,7
تفريط,1
انتقم,1
أناناس,8
سكت,1
استشارة,7
مستأجر,9
لفتة,12
لسان,6
سماك,14
لجأ,5
سيف,12
تواطؤ,1
تقويض,4
فيدرالي,6
ارتباك,9
هوندا,17
متساوي,2
طال,5
صرخة,6
ملاك,6
حقائب,18
ممتحن,1
شفوي,1
شموع,6
كوخ,1
ندوب,3
نجوم,20
جراج,3
دوى,7
ملصق,8
هر,3
تضليل,1
هزيم,3
شوارد,1
أفاد,19
ضخ,13
نمر,7
سيبيري,1
أشبع,1
ضلل,1
محتدم,1
نحات,1
قمح,5
خافت,6
ديم,1
سوم,1
قسيم,2
رابى,1
كراميل,8
ضروري,1
اقتلع,4
حكيم,5
مستريح,1
انضباط,7
كندي,3
أسوار,1
مضاد,4
صدرة,15
أجوبة,1
تزيي,8
مسعف,4
روند,1
راس,1
لبلاب,2
وكد,9
وسيط,3
هسهسة,1
شائم,1
منسم,1
سجائر,8
شاري,6
مدسوس,3
بكالوريا,1
مناشير,2
طها,11
بليد,2
رامي,14
سمنة,3
خضرو,6
مفروم,1
عسل,9
مشاغب,4
رصد,3
تحرش,2
بيكين,1
مغري,4
وضوح,11
تستر,4
سندان,1
وله,6
انجرف,1
امتصاص,7
تلويث,3
قعاد,3
ضواحي,4
أقراص,10
تلاشى,8
نشيط,4
ساكن,2
مظروف,2
رس,15
ابتز,2
رعش,7
أبل,3
ولول,1
ماريجوانا,1
مخنوق,1
رأفة,1
تأمل,9
أحبط,12
مصائد,2
مبيض,4
صدع,2
سيوف,1
خرب,5
إنكار,3
تفوه,1
متسابق,5
التصق,2
قنينة,1
تحرير,5
ديوك,1
نيابة,3
متفاني,2
متسق,3
استفادة,12
صاح,2
غالي,3
تباطؤ,2
شامل,5
تشكيل,10
تمضي,1
أساء,17
إناث,4
ناي,5
قاف,4
التقاء,5
مبيد,5
معارك,9
سهب,1
مونتريال,5
تراكم,13
مسوق,3
مخادع,3
قوارب,7
خردل,4
ديجون,1
سلع,8
استقل,2
غرباء,13
زعزع,1
أعار,5
لان,3
معقول,10
ذوب,2
كركند,1
غزل,3
قواطع,1
تصدى,3
ختر,1
بستنة,8
تماشى,4
فطير,3
خامل,1
واجهة,7
قيلولة,15
فجر,10
شوف,2
مغل,1
تكرر,3
وفير,6
قطيع,3
أفاق,1
موازاة,1
طهاة,6
أكمام,1
شاتي,2
أرنب,19
وكى,7
أرانب,11
تقلع,2
لمح,3
أسد,4
سكينة,2
تصادف,3
ساوث,8
استكشف,2
مزارع,7
حصر,3
منشط,2
ضفادع,5
انتقد,5
تربص,2
مغذى,3
تقليب,4
رباح,1
انغمس,1
عاجز,7
قشعريرة,9
عمود,8
لائحة,1
مصلح,10
تأسيس,3
مشجر,24
داكن,7
فصح,4
تكلم,3
إبعاد,10
مبتدئ,6
ليكرز,3
شبع,3
توفر,4
مضارب,4
تفاخر,12
إطراء,4
أنسل,1
هوام,1
نضر,1
مجعد,1
أهاب,6
متضرر,2
ملا,2
كاس,1
تفويض,1
طهو,8
سعل,4
نكهة,11
تلون,1
ألبان,5
كيميائي,8
تركيب,16
فواكه,3
ممسك,2
زاحف,10
نز,2
نتوء,3
متعهد,3
مكنسة,19
إفلاس,8
موزع,1
مثبت,5
تلعثم,6
أعذر,1
تولد,1
زين,5
هكتار,5
أصحاء,3
أت,15
نقار,1
إهمال,11
تسديد,7
تزحزح,3
مشادة,3
متذمر,1
ديكتاتور,2
عارض,6
خص,6
إستراتيجي,3
مخلل,5
ببغاوات,1
مواصل,10
صرصور,18
تشمر,1
فيلا,1
توبيخ,2
زريع,1
ناقش,6
خلط,9
أربى,3
تعقيد,7
تحيز,1
شمع,8
تحلى,3
تعاون,6
انتقاء,4
حصد,3
حنون,2
سمر,4
مزين,4
أراضي,1
انتظام,11
خطوب,2
قنع,11
عرج,5
جمرك,3
اقتلاع,2
شان,1
إعلام,4
ليبرالي,2
روبوت,8
قاطع,9
يسرى,4
موهوم,1
مخ,2
خمر,8
روفر,3
جسر,5
قامة,5
مصيدة,2
أهمية,4
رقى,3
منطلق,2
شيف,5
خباز,3
متفق,9
مرفوض,3
منفرد,6
مهب,6
يعسوب,1
تصادم,5
زوايا,1
تبنى,2
محتاج,8
تحادث,1
متنقل,6
شعوب,2
تبني,1
هبوب,2
نجو,5
تفريغ,6
تولي,4
مقصود,3
شيد,1
دعوات,1
مغمور,1
ضغوط,9
مومياء,2
كنز,3
مصور,6
اشتبه,3
كتلة,4
متنوع,8
خد,3
مقلب,2
لولب,1
أنسولين,2
جوز,8
ألز,2
أظهر,14
تعانق,3
وبخ,11
متعجرف,4
حطب,1
بثر,3
دك,1
مدوي,8
غموض,5
اختفاء,3
تاجر,9
مكتنز,4
أطاح,1
رامل,2
محترق,7
تكييف,14
حارق,2
سطو,6
اشتمل,1
عنف,4
كعب,2
شواطئ,7
تصافح,1
قاتم,4
سو,4
أجزى,1
أغلق,5
تراهن,5
نسا,2
مستخلص,1
قنب,1
ري,1
امتلأ,4
حافز,10
خضم,2
مكدس,2
شور,3
متين,1
إبطال,1
هزل,9
جرد,2
معز,2
كانون,1
صاف,4
خروف,2
عشيق,2
مغلوب,1
متوفر,5
حداث,3
زرق,4
مغير,1
غمس,2
أزرق,21
حرك,3
تضحية,4
مؤشر,7
وسى,1
بخاخ,1
داء,5
موه,2
موتى,3
ناتج,1
تأهب,2
فرس,1
تفاصيل,11
موجه,5
إفراج,3
سليم,8
خوخ,2
هوليوود,1
أعز,3
اتساق,3
تقليل,4
موات,1
إذن,2
تجوال,5
تنزل,2
مالطي,1
زوى,1
تردي,8
بلغة,2
ضحايا,1
عواء,2
شبان,1
سما,6
متحدث,3
سفين,16
زاهي,2
أسفل,6
كراه,7
أزياء,10
تعابير,2
تفجير,3
رشيق,3
محور,1
ثلاثي,1
ظلل,1
مركب,1
شتل,1
بذور,4
إمتاع,2
لعق,4
أوشك,3
فوق,13
مذود,1
ضمد,1
مشوه,5
شرى,2
إداري,1
توائم,3
هائج,2
منصف,2
إحداث,7
دعك,1
منظم,20
مفكر,2
رماد,13
مقرر,10
تقصير,2
يونان,5
مليار,2
أزى,2
تشبع,3
تقاطع,5
نبتة,4
قضم,15
بعوض,16
مبار,6
بوكر,5
قاسى,2
رقع,8
خليط,1
أمسك,4
عابد,1
مسيح,8
مؤمن,9
صلصة,26
توابل,4
مأمن,1
سينمائي,2
لجن,3
أخسر,7
زفت,2
زعم,4
تقليص,7
وجوه,8
متاعب,16
متهرب,1
جور,2
صندل,3
برج,1
قطر,9
ثعالب,2
تعديل,6
متوجه,4
التزم,11
معمودية,1
فظاعة,3
فقم,1
لويس,1
فنسنت,1
رواق,3
مشاحن,1
مرأ,4
ساد,2
مستطاع,4
لوج,1
خارق,13
ظبي,1
قمل,6
عي,4
قاوم,2
أدب,7
انطفأ,5
وارد,2
جمباز,6
تنصح,1
هيم,1
عسكر,5
عصام,1
معاين,2
مقيم,3
كساد,1
تدوير,9
تعجب,4
تثاءب,1
ثوم,8
صارم,5
ماكياج,2
اتكأ,1
سلاسة,13
دسم,7
جريد,4
عثرة,1
مقدد,6
تدوين,7
ابتكر,2
متجدد,1
أنزل,2
استبعاد,2
معلن,3
حدا,4
ديار,2
توالى,4
رمش,3
اختلاط,1
تزمير,3
كاسر,1
ارتعش,2
دخان,6
دببة,6
دب,13
تفكك,3
مشابه,9
باس,3
تسخين,2
عصي,2
عظم,10
استمارة,1
أسماك,9
نسغ,1
انكماش,1
اختطاف,5
كائن,4
فضاء,8
استجوب,2
تقشر,2
جويل,1
أخوة,2
حجج,3
تنحي,1
موضوعي,1
لمسة,3
متقادم,1
منطوي,1
حاسم,2
كرر,2
أثقل,4
خاب,4
توهج,2
ساخر,1
شف,10
مشاهير,3
تشكك,1
رجيم,1
متذلل,1
دا,4
قذف,3
راج,2
متهالك,3
متواجد,1
بصير,1
مبهور,2
خفقان,3
مطحنة,1
أزر,3
أعذار,6
نمس,2
مرجان,1
ملقى,5
ترديد,1
حكاية,1
مطروح,1
مجيد,1
حروف,1
أبجدي,3
صاعد,5
حتم,4
تكسب,6
أغلى,7
تسويف,2
رتج,1
أمعاء,5
غفر,4
قلاع,3
صابون,4
احتياطي,1
باطن,1
خزف,4
أقى,1
لج,1
مفارق,4
مساواة,1
تنهد,3
إبادة,1
وتيرة,5
تكبير,3
تصغير,1
ورطة,3
متوارث,1
نخب,2
دمى,4
متحضر,1
سلاحف,5
تنجز,4
مقاهي,3
طباشير,1
لوازم,11
ملموس,1
تعفن,4
وطأ,1
طريح,2
رواج,1
مهدد,1
رومي,2
جولييت,2
زمام,5
رحيم,3
مضاعف,6
ترفع,4
سندويش,7
متجول,1
راوغ,1
دفاتر,1
عدن,9
انتشار,3
نوى,2
أربعاء,10
هزة,2
ران,6
تسلم,2
انتهازي,1
ملاءمة,4
متضمن,1
تدبر,2
قرى,4
ملوث,3
سلس,4
ملائم,4
إبحار,1
أحرص,5
علك,6
دواسة,2
ورود,4
مبارز,1
متزامن,1
ضمير,2
بور,3
ذقن,1
فيض,8
تنفيس,3
حاصل,2
لزج,1
طمث,2
هنري,1
استعجال,2
توحد,2
مشور,7
ارتجاع,3
طاجن,4
نصح,5
نبذ,1
زهرة,3
افتقر,4
مطحون,1
جابي,2
عمن,3
اعتنق,1
مسالم,2
قطارة,2
حقب,4
صاد,2
رسي,2
صفوف,3
سخان,4
سباك,5
حقل,2
مدافع,2
غي,5
لصوص,5
تزحلق,3
احتساء,1
ظربان,2
تدفئة,5
برمودا,2
جهير,2
بؤس,6
حرير,1
أشجع,2
مقوم,2
اعتلال,1
شبيه,2
بوند,1
عطس,5
متحجر,2
تهاجم,1
شلال,7
خل,1
قب,3
نسم,1
مجتهد,9
عزى,1
ملزم,2
كوكب,3
بحت,1
كاش,1
منتظر,6
كثب,4
تبصر,1
واسع,5
صانع,8
أشاح,2
جولدي,3
معمار,2
ليف,2
متسرع,2
متوازي,2
ثاقب,1
متخرج,1
رعاة,11
روي,1
فتش,1
قارن,3
أثناء,7
مترجم,1
لباس,1
كاشف,3
وضح,3
غار,6
ضيافة,2
تراسل,5
منسكب,2
أفرح,2
منصة,3
التهام,1
نخيل,1
ملفوف,8
رياضي,4
دفتر,10
كرا,2
بنسلفاني,1
مبرح,1
باك,6
ميراث,1
كس,7
قائل,7
جال,5
انقاض,2
عروس,2
قار,7
لهجة,2
كثيف,7
ترجيع,2
تائه,1
مملح,7
أوصل,3
تار,2
باذنجان,6
انتحر,5
براعم,4
جدل,2
مصاعب,3
مراسل,2
صحف,2
تعني,5
أحمال,1
ترشيح,3
انتشاء,1
انطواء,4
مناصر,1
توعية,1
حضيض,3
وخز,2
دموي,5
حجر,11
عجول,1
تهور,4
مغني,5
مرؤوس,2
انتصار,4
اعتزم,1
أوساخ,6
خلل,5
أرز,11
حاصر,4
أشعث,2
ابتزاز,1
أصفى,1
معدود,1
إبلاغ,10
شفاف,3
مكتوب,6
امتلاء,2
قات,3
اتهام,4
مؤتمن,1
سواد,3
مشدود,4
ابتسم,8
سطور,1
إبراز,1
زيل,6
سرار,10
ازدياد,3
عباد,4
هدم,9
سائر,1
تزين,1
شتوي,5
احتذى,1
هبة,4
امتدح,1
أكسى,2
رال,4
خوادم,1
تكميم,2
رشف,3
احترس,1
عجة,2
مقود,11
ابتلع,10
عالى,2
إلحاح,1
بياض,3
كفاء,2
خفف,2
تنقيب,1
أضلاع,2
أجنحة,5
أرشى,4
سلح,1
واو,1
توديع,9
عفن,9
تقويم,6
محلل,8
راعى,8
متذبذب,1
مغرور,1
متلاعب,3
بقا,3
قوقع,2
غشاش,4
ترحيب,7
مسعى,1
تشويه,1
جث,6
شوب,1
مستجيب,1
مطب,2
صاعق,3
واعي,1
هيدروليكي,1
حوار,2
مخفض,2
جبلة,4
لمع,2
لدود,2
ماثيو,2
مفوض,1
طوع,1
حام,1
بيطري,2
فرغ,7
وميض,5
اشتهى,3
مارك,2
هاجى,2
تأجير,7
منهك,9
مرتجل,1
انبعث,2
عضه,1
عضال,1
وحل,4
سبورة,4
انساب,1
جراد,4
مهشم,1
طيلة,3
كوستاريكا,2
تلقاء,9
تشاؤم,1
ذرة,9
خزعة,6
مشبوه,1
حميد,2
وساد,1
تدليك,2
يونيسيف,1
رماة,2
كر,7
إيجاز,1
مثانة,1
ماد,8
مكروه,2
أخدع,9
دعاة,1
مواسم,5
منديل,3
انسحاب,4
شكو,8
نمش,1
غل,2
بغل,2
هيل,1
وليمة,1
نقمة,3
دفئ,2
شائن,3
تفضل,4
خلد,4
استبد,1
صواب,2
استغلال,2
إدمان,15
كاترين,3
شباك,1
سائد,2
صوص,4
شحيح,2
كاه,1
موكل,5
حفاوة,1
انطلاق,7
غطس,11
متعلم,2
حفيف,3
فرشاة,2
مهيب,1
كفن,2
حتل,8
عذاب,2
سانح,1
محصن,1
رقد,2
انقلاب,3
دمج,2
دعاب,1
متزلج,2
فاشل,5
تنشئة,2
إفراط,2
يل,6
تنزاني,1
بارم,2
خرافة,2
شذوذ,1
احتقار,1
اعتدال,2
شوه,1
عمد,7
رحب,3
أحكام,4
كريم,4
صحي,10
إسكات,2
انقسام,3
دفق,1
هوة,2
قصاص,5
ضام,2
منظف,7
مكانس,1
فظع,4
جت,5
مزدهر,5
دارج,1
طقطقة,2
لحاء,2
التأم,4
منطاد,1
عزوبة,10
خاط,1
نعل,2
خشخشة,3
شتت,1
حجار,2
اقتطاع,3
متجمد,2
أناف,1
إسفنج,1
مت,1
مندوب,7
مقص,2
أظافر,14
إطلاع,1
أحاديث,1
وتن,1
ابتناء,1
فاجر,1
غضروف,2
وشم,7
رغبة,2
مسيطر,2
تويوتا,10
اتبع,7
ثم,3
آب,2
قدح,2
متصيد,1
لقط,7
أخفق,5
قمع,5
دلى,2
موحى,1
دوق,1
مخمر,2
نرجس,1
طاعة,4
أمض,5
دبليو,4
اكتظاظ,1
بطالة,7
حداد,1
ممسوس,1
متورم,3
فارق,3
مطبوخ,4
وبي,1
نضح,4
سوبارو,6
كتكوت,3
أرجوحة,7
انتعاش,3
قش,9
تعقد,1
وجع,2
مزلق,1
شروط,4
سراء,5
ضراء,5
مخاط,5
جبهة,4
كمت,1
أشر,2
كمنة,2
بذرة,2
ملاعق,2
أغرق,1
شاغر,4
تجرأ,3
أقدم,4
بالي,1
تنكر,1
صرع,5
رنين,9
مغناطيس,10
نبس,1
كدم,1
هدى,5
خافة,1
إقفال,1
متضارب,1
زلق,3
نكسة,1
مواطن,2
تمثل,2
اجتاح,3
ماهية,3
فينيكس,4
ماوس,2
زلاج,5
رصف,1
أرك,1
ناشط,1
احتجاج,1
مبني,2
جفن,3
كسوف,2
تصاعد,4
تنامى,4
قوارض,1
مانديلا,1
تلبية,5
بله,1
موطن,3
غامق,1
رقاب,2
افتراض,5
انعكس,1
تخوف,2
غامض,10
تمساح,7
ببغاء,11
كربون,1
منافق,1
عظ,1
وخم,4
إبر,6
فصيل,3
متفاقم,2
مقرمش,4
ملتهب,1
فريج,1
حبر,3
خياط,5
مواء,1
غرس,1
أذاب,1
راقص,6
معاود,1
سومر,1
تألق,2
نصيب,3
صمد,3
خالد,1
ديس,2
متباعد,6
تقاعس,3
صبياني,1
أملاح,1
ملائك,3
شياط,4
ميج,4
أوكس,5
تفرغ,2
تشديد,1
سند,1
فوانيس,1
صلع,4
مرتعب,2
سموك,1
سرب,4
أوى,3
دانمارك,1
أجاب,5
تجلى,1
كرتون,1
بازار,1
يقطين,12
غيظ,2
أعقاب,1
تلمس,4
مقبض,4
أناني,5
تلبس,1
صامت,6
أغذية,1
أصباغ,1
كيماوي,4
لاب,1
باش,1
استخفاف,1
جبير,2
وحوش,5
إسكاف,1
مليونير,5
كيلومتر,5
أطفأ,3
فخار,3
مختزل,1
حاق,3
ثياب,1
ولي,2
ضريح,1
هولوكوست,1
أزهار,3
تربى,1
نفسى,1
ديفيد,2
ريس,4
لذ,2
ذكاء,17
سيطر,5
شعيرة,1
لامبالي,1
غمض,2
ديترويت,3
قواني,4
مخالب,3
تلوى,4
شط,5
تعقب,4
روث,3
أجانب,3
استولى,1
غز,1
مجس,2
شيخ,2
التباس,1
لهب,5
حدة,2
دلال,2
خرطوم,5
رضع,3
بلجيكي,2
تفضيل,2
راعي,4
جورب,3
أسطوانة,2
متوفاة,2
فروع,2
محاكم,3
سامى,1
جب,2
ممول,1
دخيل,5
نظراء,1
تعالي,3
راسب,1
مرتكب,1
عتيق,4
رق,3
سوار,9
صحيفة,4
طابع,19
سارع,2
غزو,1
نهب,3
تحويل,13
مناظر,9
استعرض,3
قرط,2
تغازل,3
كف,1
عدس,3
استرجاع,1
كروي,4
بتك,1
تركب,4
كيد,2
رعي,3
مخجل,1
تقاتل,3
سكاك,4
إتلاف,2
أنوف,1
مغسول,1
أناقة,1
قهر,6
حيات,3
طلع,2
سمسار,2
غرز,8
عماء,1
مشمش,3
سموم,1
اشتد,1
تذكير,14
رهبان,1
تناوب,5
موبوء,1
مستودع,3
أعلام,2
مساوي,1
أسطر,1
تفتيش,5
كوارث,2
استقلال,9
أوقف,2
صرح,2
عجا,1
سلبي,1
كاواي,1
متعرج,1
أهم,6
ارتعاش,2
غاص,2
اعتراض,1
شهادة,2
شهود,1
مستدير,2
جوائز,5
استنفاد,1
إلحاق,1
معايير,4
مفروض,1
بارك,1
مذبح,3
حزب,7
صرام,2
مجدد,4
ختام,2
إضفاء,1
أكسجين,2
قصب,1
مبرد,2
اطمأن,1
مشؤوم,1
صمم,1
جوهر,2
مثمر,1
تسعير,1
تناقض,1
تعادل,1
نفذ,3
فوتوغرافي,1
نفاث,2
مرشد,2
زحام,3
مطول,1
مخزي,3
تسييج,1
استباق,1
باليه,4
صوب,1
أفواه,2
تسخر,3
أورام,2
طفاية,1
استغراق,1
مبهر,2
عاطفي,1
منبهر,1
شيق,1
ضحكة,9
غسول,3
تحسب,1
دامي,1
إحياء,2
ثني,4
حشية,4
أبطال,6
منغمس,2
جماهير,1
أسى,3
أعطال,1
لاح,2
تقضي,5
اعتداء,1
مشاجر,1
مهدئ,2
استشعار,1
ميكانيكا,1
ممسحة,1
حصص,1
حوص,2
منافذ,1
مستحضر,3
منتهى,1
عزل,5
فرج,1
ضجة,4
أقسام,4
رفوف,2
كازاخستان,4
كبل,1
شرار,3
بخل,1
غلط,1
مضخم,1
اتسع,2
أعواد,1
ثقاب,1
سائب,4
شركاء,2
تمسح,1
مسى,1
مقياس,4
خون,2
ختان,1
كلوب,1
يمين,3
انعطاف,3
أيسر,1
ابيض,3
صيحة,1
زحاف,2
أكبح,1
أرواح,2
أبواق,1
ضفدع,6
دحرج,2
جنب,5
جوعى,1
رشوة,1
إغاظة,1
ضآلة,1
جرذ,8
خيول,8
أنياب,1
شام,2
صارع,1
وغد,3
تطارد,4
حاسب,2
فيزا,2
آن,2
حاض,4
مدراء,1
متطوع,2
فود,1
قرمش,1
محا,2
هجن,1
تايلور,4
سايف,4
فاقد,1
مكبر,3
تغرد,4
ستار,2
كاراتيه,5
مفاد,3
إسكان,3
استقر,10
ثمر,3
افتتح,5
شروق,2
مستثمر,9
سكتلند,1
مانشستر,2
يونايتد,2
مشتاق,2
سيباستيان,4
شاطر,2
تجنيب,2
متمركز,3
تباعد,4
مئوي,3
خلاب,1
طيران,1
محتقر,1
كولونيا,3
بيوت,2
راكد,2
مرفوع,2
بائن,1
محدث,1
مسحة,1
احتراف,7
ردف,1
لوكهيد,1
صواريخ,1
إجادة,1
استعجل,2
ملاحق,2
تلوح,4
متضخم,2
ذرف,3
رونق,1
ليرة,2
أسواق,1
معتدل,3
تراخى,2
سخن,3
مرن,2
كوسبي,1
نعي,1
دلاف,1
أتقن,3
أجاز,1
مرى,3
بناية,3
لهث,2
متكامل,1
مواليد,1
داعي,2
فروق,2
تغلف,1
هدي,1
تسجل,1
متوفي,4
نتونة,5
أهمل,3
أصهار,2
متمثل,1
مشعر,2
ثلاثين,2
عراض,5
بنزين,4
استغناء,1
بلور,2
رافع,3
جانح,1
إرجاع,3
مدمج,2
ضاغط,2
صحاف,2
والى,1
جراف,3
أسلاك,4
أحرف,1
برقوق,2
امتداد,2
هيأ,1
قح,7
شفط,1
مهترئ,2
مغزى,1
أقسم,3
أمال,1
أقراط,4
خراب,3
هدد,2
حصير,1
افتراء,1
اتفاق,2
ورأ,1
سخافة,3
مباع,1
وصال,1
مقاضاة,4
ذئاب,4
تحف,3
زناد,2
شقن,1
تندر,1
بلغار,4
غدر,1
أوهام,2
مثالي,2
براغي,3
مسالك,1
برا,4
يائس,5
نزع,6
دافق,1
ضاهى,2
مطعون,1
تدلى,1
تجاذب,2
أطال,1
جونغ,2
دهان,4
مزيل,2
مرجح,3
أحاد,5
لاعق,1
سذاج,1
استهلاك,1
مطروق,1
دمن,2
نصل,3
دعام,3
فضائي,6
أفتى,3
فسح,2
قلنسوة,1
نفض,1
تقبض,1
قضب,2
طلبة,8
مسيل,1
ساف,3
قصوى,2
مبرمج,2
عذار,1
احتلال,1
ورى,2
اكتساب,3
تمرين,4
ضفائر,1
تصلب,5
خسرة,2
شفر,2
نبك,1
رافق,3
قشيش,5
قوائم,3
انفث,1
محز,1
أعماق,4
تشهد,3
مرمى,2
رود,2
وكر,5
دزينة,1
مخنث,1
طوابير,3
قسطر,1
صمام,1
خنازير,19
تصور,4
فاضي,2
صاحي,2
متقلص,1
غمغمة,2
تصيد,2
أجدى,1
استضافة,3
مشمئز,1
تعيس,1
تعزيز,6
باهى,2
فظاظة,1
بخس,3
أش,2
مكترث,1
انجذب,3
فيتنام,3
أتلف,3
إضاعة,2
عجن,1
تلاشي,1
انغلق,1
انشق,1
استبطان,1
جز,1
أحافير,1
شاحب,2
أضحوكة,3
تجويع,1
مفاهيم,1
متعطش,2
راسخ,2
التفاف,5
ثمرة,1
مجهود,2
محش,5
جورج,2
عطش,1
مستعجل,1
دوم,2
مجتذب,1
غلاف,4
ممنوع,3
سخاء,4
ربان,3
شمام,2
فل,3
نحس,2
تشريح,2
منزلق,5
ليتشي,2
كد,2
مرطب,2
ذرى,1
وقاء,1
معمدان,2
تساؤل,1
إتقان,2
عابس,1
طهر,1
ليغ,3
خزنة,2
مجهد,2
أجار,4
عجز,7
تلطيخ,2
سنح,4
احتراق,3
توهم,2
رونالد,1
ماكدونالد,1
رايت,2
خربشة,2
أعسر,1
لسن,3
أصدر,1
أضل,1
باور,1
انطفاء,1
وضوء,2
ناصية,1
شفهي,2
أحس,1
مسحوق,2
مصل,1
مان,3
لؤلؤ,1
رث,4
قوام,1
تصدر,1
زبون,1
عزاء,2
منضم,1
قامر,3
تكشف,2
تساهل,2
مدعو,2
متخذ,1
كلاسة,1
كورجة,1
راهب,1
لاذع,2
طنجة,3
برشلونة,4
نفى,3
قشدة,1
بروكلي,3
سوس,1
جبار,1
تجعد,1
استجواب,2
وديع,5
ملاحة,2
ترجم,1
مغرم,10
نفخة,1
مقلوب,6
حصالة,4
ذال,3
هد,3
قاذف,1
رمح,1
أطروحة,2
مخطوط,1
تنشر,3
لا,3
صنبور,3
مسرب,1
سقيفة,3
أنظمة,1
متاحف,1
حور,1
سوري,1
أحصى,1
رئيسي,1
مستنشق,1
تأقلم,4
أصغى,1
تحاذى,1
شي,1
نتر,2
أسن,1
تحاضن,1
أخلص,1
أقمشة,2
نية,5
لحاف,3
حياكة,1
تجسس,1
تزويد,1
استجمع,1
شريف,1
تعطيل,1
صنفر,2
تامبا,3
مطمئن,4
اكترث,1
مطهى,1
نزيف,1
درق,2
غبار,8
قنابل,3
محار,5
لزوجة,1
فطام,1
معقم,1
آلي,1
مناور,2
هتلر,1
رول,2
صعق,1
معتبر,1
اقتنع,2
اكتفاء,2
آل,1
جوزيف,2
ستالين,2
شطائر,4
مسكر,1
منشار,6
أقرباء,1
تبريد,4
تيمور,1
مصنف,1
أحاق,1
تضمين,1
قبح,2
استدعى,4
سهر,1
ظفر,2
دامس,1
معاكس,4
تقارن,1
متلبس,3
مشحون,1
إشاعة,1
دباغ,1
تلطخ,2
متكئ,1
فراء,2
بحار,3
محصل,1
مؤذي,3
ترف,2
افتقار,5
نزاهة,2
سميك,3
استيلاء,3
متسول,3
مشتعل,2
منقذ,3
قناع,6
استراح,4
سكين,1
تنقض,1
أخجل,1
سون,1
استفسار,2
توسع,5
متقطع,3
تلميع,1
ملعون,1
رالف,1
أبهر,1
ضماد,1
ناشئ,3
اقتناء,1
موازي,1
مقلاة,3
حوامل,1
قطعة,1
جنبة,7
مطلب,1
أقلام,6
مخارج,1
عزم,1
أدوار,1
إنصاف,2
أكاديمي,4
نواة,1
شيوع,1
مشوق,1
ملتف,2
نقض,6
عطور,1
توسيع,3
تحالف,1
وسواس,1
ذواق,2
وز,4
ملازم,1
بلاك,1
نقال,1
لورانس,1
مندفع,4
ثمل,5
نسمة,1
متساقط,1
استذكر,1
سيجار,1
قرد,2
أمشى,1
صدئ,1
أغنام,1
أساطير,1
تسمين,1
مخرطة,4
صلصال,2
نحت,1
جدران,2
أخا,1
جونز,2
أقواس,1
فوة,1
بصاق,1
تبغ,2
حبكة,2
مغرفة,1
مطبوع,1
موضع,3
خذلان,4
مفكوك,3
محمر,2
حنجرة,1
ترويض,1
ميناء,2
ازدواج,1
صوف,3
زلابية,1
مطهو,1
بخار,7
بعثة,1
تسارع,3
عدا,1
انحدر,2
ادنى,1
انكسار,1
ملفت,1
حدر,1
مستسلم,1
صافي,2
أنهض,4
أضايق,1
تلاحق,1
نصاب,2
ظرف,1
تروس,6
دلف,1
مصاحب,1
انشقاق,1
خطف,2
موقوف,1
لس,1
كاكاو,4
امتثل,2
معادل,2
هرقل,1
رتيب,1
تشاكي,1
عصيد,1
تويست,1
أهلك,1
فستق,2
إجماع,1
علماء,2
فتق,3
مارت,1
سوى,4
تفاوض,2
فلامنغو,1
هلام,3
معطر,2
سلخ,1
طري,1
طائل,2
حلاق,3
حراس,2
دق,1
استحضر,2
هريرة,1
حوافز,1
انتهز,2
محجوز,2
حضار,2
منشأ,2
مدعوم,2
متنامي,1
تأليف,1
فانوس,1
ممشى,2
مزور,1
حواجز,1
ردع,1
أصر,3
فعلي,1
وامض,2
شرارة,3
ركاب,2
قفال,1
قف,1
إعفاء,2
متناثر,1
نجار,2
مدفون,1
مطبعة,1
شوك,3
براغيث,2
نسج,1
فال,2
تلقين,1
مسند,2
لاءم,1
أدهش,2
أبله,3
رضخ,2
موازن,2
منذهل,1
عاود,2
أقران,2
ألزم,2
متسع,1
ثرثر,1
ولغ,3
مهدر,1
سيراميك,1
تناضل,1
ملاطف,1
أرجوان,1
فريك,1
ريب,2
قن,1
متسلط,2
فاعل,1
مطارق,1
مثاقب,1
عناقيد,1
استهزأ,1
قرفصاء,2
عمالقة,2
خنق,2
مرسل,1
تكثيف,1
تأسف,1
تذويب,1
متلعثم,1
أحث,2
تلويح,1
مخرج,2
هزيل,1
اشتهاء,1
مأكل,1
هانس,1
ضباط,2
لاتيني,1
تمشيط,1
محم,2
خصص,2
مدرعة,1
كراس,2
عفريت,1
أرمل,1
بهار,1
ندوة,1
طعنة,2
أحال,1
غالى,2
ملون,3
ألحان,1
حاجب,3
دوري,1
خرشوف,1
تسول,4
دمع,1
رشد,2
مشغل,3
تدقيق,3
تها,2
هلك,1
دندن,1
فحم,2
تنعم,1
أوشحة,1
متطلب,2
رأب,1
أوعى,2
ريجينا,1
طوكيو,1
متطفل,1
مؤثر,3
نهج,2
أحزاب,1
اقتبس,1
زهر,1
مسمر,1
انخراط,1
رافت,1
إلهاء,3
أغطية,3
ملياردير,2
مقترح,1
أمين,2
محتجز,1
مفسد,1
اضطرب,1
ناجي,1
مترف,1
رجا,4
عمولة,1
كرفس,1
عيار,2
آدم,1
سكوت,1
سوبرمان,1
سيادة,1
مشمول,1
كريستال,1
سطحي,1
دولة,1
فتنة,1
باطأ,2
برهان,1
انتهك,1
احتباس,4
ممتص,2
عراة,2
جأش,1
قوباء,1
حيازة,3
مناهج,1
مجلد,3
تملأ,1
خافق,1
ذليل,1
مصروف,2
تماثيل,2
شماعة,1
خرقاء,2
حازم,3
قلص,1
شذب,1
قس,2
شحذ,1
إفراغ,1
اختلس,1
كؤوس,1
سلطان,2
ترجمة,1
تعويذ,1
أقسى,1
لعين,1
تطواف,1
هاء,1
تشريد,1
مجرى,1
مريخ,1
خيوط,1
تشتت,1
رفيع,1
حواف,1
واهن,1
مصح,1
ينابيع,2
داوى,2
وسخ,1
سقى,1
رفرف,2
كندا,1
كلى,3
شقراء,3
مرقش,1
مفعم,1
منحوت,1
بخت,3
مرجع,1
مستلم,2
عرين,1
اكتفى,2
بارانويا,1
إجلاء,2
مرونة,2
أصول,1
مقاييس,1
حبط,1
مهزوم,2
متعكر,1
صليب,2
هيوز,1
غنيمة,1
عر,1
نزال,3
طائش,2
مبشور,1
هرم,1
مغموس,1
روب,3
كمأة,1
ترياتلون,2
افترق,5
طنان,2
لاد,1
طاير,1
تحليق,1
ندر,1
كوم,1
كيب,1
مرائب,1
تأنيب,1
إضراب,1
مسامير,1
نفح,1
تعازى,1
تهويد,1
شنيع,1
جالد,1
قزم,1
نذل,1
نعال,1
ممغنط,1
أوتار,1
باركر,1
يورو,1
زعانف,1
سهم,1
متفتح,1
إعانة,1
صلا,1
صبغ,1
موحد,1
منام,2
ألماس,2
تماس,1
كرماء,2
ضرس,2
متأثر,1
فلح,2
جدوى,3
تلصص,1
خضوع,1
ترسيخ,1
تمشي,2
مصحوب,1
حجب,1
ملتوي,1
بارنز,1
مخضرم,1
متأرجح,1
رون,1
غرائز,5
محقق,1
تدلي,1
تعمد,1
تمدد,3
مطوي,1
استواء,1
فطائر,4
مصالح,1
إرضاع,1
مكر,1
متماسك,1
عطن,4
ترطيب,2
ملاريا,1
مازح,1
تفحص,1
وزع,2
سمراء,1
رتابة,1
أقوال,1
زيز,1
دعة,2
تسريب,1
تصالح,2
متماثل,1
جهل,3
وخى,2
زيج,1
غبطة,2
فلسفة,4
أضحى,2
اكتسح,1
إرب,1
قراب,1
محروم,2
عابر,1
استخرج,1
بوليس,2
اندفع,5
سياتل,5
سماوات,1
فرانسيسكو,3
بتول,1
مقرض,1
عزاب,1
نفساني,1
هيكتور,1
انحسر,1
يونس,2
جهنم,1
مكتف,1
بلياردو,4
مراوح,1
قارئ,1
عهود,1
بيتلز,1
رينو,1
وجن,1
تحفظ,4
ترحيل,1
ناشر,2
غص,1
هلوسة,1
مقلاع,1
عشور,1
امتناع,1
ارتجل,1
غشا,1
حلي,1
مانهاتن,1
رمث,1
ملاذ,1
غرر,1
لها,3
مصاص,1
تعقيم,1
نبض,1
دروع,2
حاوي,4
أمواج,3
مجاري,1
تنوع,1
أخطبوط,1
بذيئة,1
شال,2
تبين,1
أذهل,1
أثا,1
محبب,2
وسعى,1
بولندا,1
متمرد,1
تخفي,1
بلل,1
منعت,1
ابتكار,1
ربو,1
تهدد,2
أحاط,2
منسي,1
خش,1
تقشف,1
ندى,1
ضليع,1
أشقر,3
تبعة,1
مصبوغ,1
غدد,1
ليمفاوي,1
خطايا,1
غطاس,2
طرود,1
أعجوبة,1
أعال,1
وراد,1
عيل,1
مستعر,1
محاصيل,1
زير,1
سالم,1
حظيرة,8
شرط,2
مثابر,5
ناسك,2
حالي,2
بادى,1
لفظ,2
مقابض,1
يمنى,4
رنى,2
انتكاس,2
جوف,2
والي,1
نحية,1
كريستوفر,1
خصل,2
طوب,2
تهشم,1
احتقان,2
خرائط,2
دمعة,2
مذاكرة,2
نشاء,1
دواجن,1
زيوت,1
محاباة,1
لوجستي,2
اصطفاف,1
عذب,1
متورك,1
موفر,1
رض,1
إرساء,1
أبراج,1
استبعد,1
أبلغ,3
مهور,1
محض,1
غيبوبة,1
نصب,1
تمركز,2
برمائي,1
قنافذ,1
تعظم,1
أكافئ,1
بره,1
عائم,4
فواق,1
جان,4
متعرق,1
بلا,1
حمال,1
إقران,1
همس,3
مرتعش,2
ماشي,1
كزاز,1
تزامن,1
صائب,1
مكرر,1
علف,1
كرايسلر,1
لامع,4
تفخر,1
استثنى,1
نبت,1
كيروسين,1
مضمون,2
سيام,1
مزجج,1
بتر,1
جرار,1
يغر,1
ضم,2
بورتلاند,1
زخرف,2
بارى,2
لق,1
ضاحي,1
هنيء,2
محلى,1
معارف,3
أراث,3
غلاية,1
طاووس,1
خرسان,1
رشق,1
خلة,1
بتا,1
دبوس,1
مكتسب,1
محرم,1
جراب,2
مدس,1
تبرير,2
عاري,1
مزاد,3
تسريع,1
برميل,1
طمأن,1
متشدد,1
معتكف,2
أغمض,1
نغم,1
نيكل,2
جاموس,2
شكسبير,1
ريال,1
مدريد,1
مقدور,1
إسراف,1
بلجيكا,1
دانيال,1
رجفة,1
مخبوز,2
براع,2
نرويج,1
أما,1
عقلاني,3
أثبت,1
انتهاز,1
متقبل,1
ديان,1
كول,1
خصلة,1
مصاريع,2
قدوة,1
فصام,1
واعظ,2
مجرب,1
كارل,1
واكب,1
مواصفة,1
ماسح,1
بصمة,1
متقن,1
ترضى,1
ليدز,1
منتدى,1
أبخرة,1
ديموغرافي,1
بش,1
مرسال,1
رهق,2
فلافل,1
طحين,1
نام,1
استسلام,1
غزاة,2
استكمل,1
حذى,1
منتعش,1
غائب,2
تبدي,1
مواضع,1
إبهام,1
جموح,1
مواضيع,1
بشاشة,1
أرب,1
اسود,2
متعثر,1
إعدام,3
أحشاء,2
رصانة,1
حصي,1
زايد,1
جسامة,1
سوائل,1
صاغة,1
مباهج,1
غفوة,2
نشيد,1
تفلت,4
نيزك,2
برانس,1
فهود,1
منوم,1
ذنوب,1
تمنع,1
إقصاء,1
إباحة,1
مستشف,1
أعداد,1
وافر,1
عرجاء,1
توج,1
أغرد,1
عاشق,2
تنظير,1
نماذج,2
طاف,2
شخر,2
تبع,1
ريتر,1
وبال,1
واشي,1
نسيج,1
مص,1
هجين,1
ديزل,1
قساة,2
مجبر,1
شكوك,1
مسجل,2
خطاف,1
جازف,1
غنى,2
نور,1
مسور,1
كرنب,2
تسنى,2
شهير,1
ملم,1
كييف,1
خندق,3
أنفق,2
ودى,1
براون,1
أعزل,1
تي,1
صفيح,6
فخم,1
احتضان,2
تكتيك,1
استنار,1
تشاكى,1
معيار,3
بستان,1
رص,1
مستشعر,1
راخي,1
دعائم,2
توزيع,3
قض,1
هليكوبتر,1
فطور,2
رتيلاء,1
استنكر,1
تكديس,1
كحولي,1
ناضل,1
فرخ,1
عل,1
أسر,1
متروك,1
فاض,1
مراحيض,1
متاهة,2
اعتدى,1
مثقل,1
كوماندوز,1
تناغم,1
تثبت,1
حشرجة,1
منزلي,1
رهين,2
ظاف,1
سريلانكا,1
لانهائي,1
زورق,1
أعمى,1
أوجه,1
قصور,2
هان,1
دعاية,1
أنذر,1
طمس,1
فرى,1
داعب,1
منقسم,1
صحو,1
متزايد,1
مورم,1
وليد,1
إيواء,1
تموج,1
جذوع,1
كاب,1
بدائي,1
مستدام,1
مستطيل,1
ألفاظ,1
تكاسل,1
ويسكونسن,2
متبنى,1
أومأ,1
براميل,1
تهجي,2
آدب,1
شرنقة,1
يتيم,2
أرغى,1
ناور,1
لبس,1
منبوذ,1
ندرة,1
نفاق,1
احتدم,1
أنجب,2
وافد,1
استخف,1
لارج,1
جاي,1
فقس,1
وديد,1
فرار,6
زرائب,1
محاط,2
رداء,1
ضغينة,1
دراسي,2
مبوب,1
وزغ,1
احتمل,2
ولاعة,1
فاضح,1
استهل,1
حرباء,1
تحفز,1
محافظ,2
فاتك,2
يدى,1
كايل,2
تقاوم,1
أنغام,1
وجى,1
يوفنتوس,1
توب,1
طوق,3
مخروط,1
مطابخ,1
سوستة,1
مطرود,1
انهمر,2
إكثار,1
مكتوم,7
تضامن,2
مصطف,1
فجوة,1
مظاهر,1
أردن,1
حلاوة,1
شفت,1
صفاء,1
عنان,1
صماء,1
أمسية,1
شيوخ,1
أوهى,1
مرسى,1
إفلات,1
سيل,1
يراع,3
اشتهر,1
سفاح,1
مطاط,1
دلك,1
دغدغ,1
صومال,1
تسنين,4
برك,1
متشجع,1
جزع,1
تحلل,1
متأني,1
أكشاك,1
ماموث,1
راف,1
منحى,1
أفل,2
قرقرة,1
راسي,1
مراس,1
طوفان,1
مبيت,2
متفجر,1
إسهال,2
متظاهر,2
مقفر,1
تعذر,1
مشاية,2
معدوم,1
تكسير,2
ترس,1
ظاهر,2
وزير,1
دواب,1
محاكاة,1
أنكر,1
تزمت,1
استدارة,1
هيوستن,1
مانويل,3
فائض,1
بصقة,1
أقساط,2
جنيه,2
اختصاص,1
ازدهار,1
مقبس,1
جرأ,1
نبع,1
ضفاف,2
هونج,1
كونج,1
متعصب,2
لسع,1
تمكين,1
ميسر,1
استصلاح,1
هلم,1
دوح,1
نطا,1
مغترب,1
نابض,2
ترشيد,1
تلاوة,1
كلت,1
ازدهر,1
نوافير,1
مكربن,1
كلوة,1
اللهم,1
عوائق,2
شهم,1
علانية,1
فاقم,1
التف,1
بروكسل,1
استنشق,1
عقارب,1
تشاور,1
معوق,2
بيسون,2
عان,1
دل,1
صك,1
تنكس,1
سامر,1
كثف,1
أعلن,1
حاجز,1
معطاء,1
خلص,1
قيراط,1
عن,4
آراء,1
تكريم,1
أقفاص,1
تمارين,1
جيوب,1
مارد,1
ازدحم,1
كوع,1
طليعة,1
معصوب,2
متضايق,1
أضراس,1
ملاعب,1
مفك,1
مستهلك,1
زخم,2
سجق,2
عوى,1
بشع,2
خادع,1
تكهن,1
مخفف,1
إحراق,1
هيف,1
هذيان,1
هيروين,1
متأسف,1
مسارح,1
أعزاء,1
أشواط,1
منتحر,1
جريس,1
جزيء,1
عانس,1
نحيل,1
دايتون,1
أمرض,1
فوض,1
روابط,2
متبادل,1
متلقي,1
نمور,1
وادي,1
مقر,1
ثلث,1
سواق,1
خصيص,1
ضباع,1
حمص,1
بسمة,1
توجب,1
تهرب,1
خراج,1
إذاعة,1
ميس,1
مجاز,1
تغطيس,1
ياقوت,1
أوزان,2
هزال,1
تجميد,1
ليلى,1
إبهار,1
سكرتير,2
كروم,1
ضرار,1
مشد,1
معني,1
تخمر,1
عون,2
فخذ,2
مضمن,1
أروع,1
وعظ,1
ود,1
مغفرة,1
بدين,1
مؤبد,1
مشروط,1
تغرب,1
أركب,1
غمز,1
محصول,1
ميموزا,1
بات,2
أحواض,1
بطون,1
نعومة,1
كوكايين,1
محتضر,2
إسلام,1
ملذة,2
روايات,1
خيام,2
تصويب,1
اصطاف,1
خرخرة,1
درن,1
مبذول,1
خافي,1
سميثسونيان,1
كروشيه,1
أرامل,1
مريء,1
شبر,1
سوي,1
أمناء,1
تحريف,1
تمرن,1
فذ,1
مدغشقر,1
سعودي,1
اقشعر,1
عق,1
هامة,1
تشرين,1
أمثل,1
نواب,1
إمبراطوري,1
ملاجئ,2
انتهاك,1
قراد,1
قصم,1
بعير,1
منفذ,1
غميضة,1
دان,1
جلوة,1
ضلوع,2
نهضة,1
مدح,1
تسبيح,1
قذيف,1
أحجار,1
معاير,1
توريد,1
مهر,1
شبل,1
مفترق,1
طفولي,1
بوتقة,1
أصيص,1
ليونة,1
تصليح,1
مصطلح,1
هتف,1
أحبة,1
بطأ,1
حوى,1
خوذة,1
ساج,1
تغريد,1
باخر,1
سرح,1
قعقعة,1
مائت,1
سرج,1
راكض,1
مكعب,1
راضى,1
سيولة,1
نكى,1
خيط,1
تعميق,1
تغميس,1
رشن,1
عروق,1
حشم,1
